company_id,period_month,avg_meetings_per_week,avg_overtime_hours,deadline_pressure_index,absenteeism_rate,turnover_risk_rate,pulse_engagement_score
ORG-MIDSIZE-005,2025-07,16.06,10.33,83.6,0.0569,0.1258,62.0
ORG-MIDSIZE-005,2025-08,17.95,9.3,81.2,0.0577,0.1394,60.9
ORG-MIDSIZE-005,2025-09,15.95,7.53,67.9,0.0453,0.1573,63.1
ORG-MIDSIZE-005,2025-10,15.3,8.4,78.2,0.0525,0.1438,62.0
ORG-MIDSIZE-005,2025-11,16.38,9.85,82.5,0.0686,0.1377,56.0
ORG-MIDSIZE-005,2025-12,16.86,8.84,86.3,0.067,0.137,64.6
ORG-MIDSIZE-005,2026-01,15.58,8.67,71.2,0.0578,0.1442,63.6
ORG-MIDSIZE-005,2026-02,14.36,9.87,83.5,0.0603,0.1416,55.3
ORG-MIDSIZE-005,2026-03,14.81,10.91,80.0,0.0586,0.129,60.7
ORG-MIDSIZE-005,2026-04,17.16,9.48,75.8,0.0519,0.135,52.7
ORG-MIDSIZE-005,2026-05,14.38,8.82,79.7,0.0621,0.1491,57.1
ORG-MIDSIZE-005,2026-06,15.06,9.24,73.3,0.0566,0.1382,60.8
ORG-MIDSIZE-013,2025-07,14.0,7.55,79.2,0.0529,0.1221,65.7
ORG-MIDSIZE-013,2025-08,16.22,8.69,73.6,0.0488,0.1407,59.6
ORG-MIDSIZE-013,2025-09,17.37,8.69,79.4,0.0532,0.1279,64.8
ORG-MIDSIZE-013,2025-10,15.86,10.22,85.9,0.0533,0.1417,63.9
ORG-MIDSIZE-013,2025-11,17.25,8.45,75.5,0.053,0.1366,62.6
ORG-MIDSIZE-013,2025-12,15.31,10.15,75.1,0.0631,0.1274,53.8
ORG-MIDSIZE-013,2026-01,17.66,11.57,65.8,0.0486,0.1315,54.9
ORG-MIDSIZE-013,2026-02,16.47,10.1,72.9,0.0545,0.1402,56.4
ORG-MIDSIZE-013,2026-03,18.83,8.21,70.9,0.0593,0.1289,61.9
ORG-MIDSIZE-013,2026-04,16.25,7.53,77.4,0.0519,0.1312,57.9
ORG-MIDSIZE-013,2026-05,14.9,9.11,70.4,0.0566,0.1348,64.1
ORG-MIDSIZE-013,2026-06,13.82,9.83,82.9,0.0682,0.1303,57.7
ORG-MIDSIZE-026,2025-07,16.18,8.96,77.4,0.0522,0.1382,57.0
ORG-MIDSIZE-026,2025-08,18.06,9.37,73.9,0.0508,0.1202,62.6
ORG-MIDSIZE-026,2025-09,17.46,7.64,81.3,0.0667,0.1413,66.1
ORG-MIDSIZE-026,2025-10,19.76,7.94,78.0,0.0556,0.1378,64.5
ORG-MIDSIZE-026,2025-11,16.09,9.86,84.3,0.0613,0.1389,60.4
ORG-MIDSIZE-026,2025-12,15.72,8.99,74.8,0.0651,0.1491,61.0
ORG-MIDSIZE-026,2026-01,15.69,10.63,81.0,0.05,0.1306,60.4
ORG-MIDSIZE-026,2026-02,13.03,6.99,76.5,0.0491,0.1234,56.7
ORG-MIDSIZE-026,2026-03,15.83,10.27,85.6,0.0493,0.1169,59.0
ORG-MIDSIZE-026,2026-04,17.43,9.28,80.3,0.0611,0.1341,61.3
ORG-MIDSIZE-026,2026-05,16.45,7.75,74.9,0.0551,0.129,60.6
ORG-MIDSIZE-026,2026-06,18.51,8.42,82.6,0.0608,0.1409,56.3
ORG-LARGE-013,2025-07,16.62,8.16,73.5,0.0565,0.1251,60.1
ORG-LARGE-013,2025-08,14.15,9.13,75.8,0.0602,0.1229,58.7
ORG-LARGE-013,2025-09,17.95,8.36,78.0,0.0569,0.1326,66.3
ORG-LARGE-013,2025-10,14.11,8.07,74.5,0.0631,0.1356,61.7
ORG-LARGE-013,2025-11,13.94,8.36,75.2,0.0553,0.1303,56.8
ORG-LARGE-013,2025-12,17.07,8.26,67.5,0.0625,0.1417,67.3
ORG-LARGE-013,2026-01,16.28,9.07,73.5,0.0632,0.1335,59.2
ORG-LARGE-013,2026-02,17.46,11.39,74.8,0.0583,0.1235,66.1
ORG-LARGE-013,2026-03,13.72,8.56,78.7,0.0438,0.1341,70.4
ORG-LARGE-013,2026-04,16.55,10.43,77.8,0.0626,0.1347,57.2
ORG-LARGE-013,2026-05,14.46,7.9,77.0,0.0606,0.13,61.0
ORG-LARGE-013,2026-06,17.35,8.57,77.4,0.0593,0.1397,58.5
ORG-MIDSIZE-009,2025-07,17.6,7.88,71.7,0.061,0.1234,65.7
ORG-MIDSIZE-009,2025-08,17.4,7.85,73.2,0.0522,0.1353,63.3
ORG-MIDSIZE-009,2025-09,18.09,9.17,83.8,0.0509,0.1283,59.3
ORG-MIDSIZE-009,2025-10,14.87,9.02,80.5,0.0613,0.1272,60.0
ORG-MIDSIZE-009,2025-11,15.26,10.21,77.3,0.0693,0.1434,61.7
ORG-MIDSIZE-009,2025-12,16.58,8.34,79.0,0.0638,0.1318,60.3
ORG-MIDSIZE-009,2026-01,14.05,9.52,71.5,0.0515,0.1487,61.3
ORG-MIDSIZE-009,2026-02,13.1,7.67,73.8,0.0527,0.138,63.0
ORG-MIDSIZE-009,2026-03,16.12,8.63,86.3,0.0595,0.1294,57.3
ORG-MIDSIZE-009,2026-04,15.55,9.73,81.3,0.0558,0.1391,66.2
ORG-MIDSIZE-009,2026-05,15.9,9.83,75.9,0.0552,0.1201,64.9
ORG-MIDSIZE-009,2026-06,15.83,8.84,75.2,0.0642,0.1311,63.2
ORG-STARTUP-013,2025-07,16.16,10.18,75.2,0.0518,0.1367,60.7
ORG-STARTUP-013,2025-08,16.29,9.37,70.2,0.0551,0.1206,60.1
ORG-STARTUP-013,2025-09,17.74,9.54,78.2,0.0662,0.1313,57.8
ORG-STARTUP-013,2025-10,15.68,7.63,68.5,0.0638,0.1397,66.4
ORG-STARTUP-013,2025-11,14.46,9.38,74.8,0.0602,0.13,63.9
ORG-STARTUP-013,2025-12,16.22,9.23,76.4,0.0599,0.1303,65.1
ORG-STARTUP-013,2026-01,15.1,5.63,74.2,0.0562,0.1376,60.5
ORG-STARTUP-013,2026-02,17.0,7.25,65.4,0.059,0.1339,59.4
ORG-STARTUP-013,2026-03,17.41,9.18,77.9,0.0662,0.1135,60.0
ORG-STARTUP-013,2026-04,15.31,9.19,81.3,0.0566,0.1244,56.9
ORG-STARTUP-013,2026-05,15.33,10.32,72.1,0.0653,0.132,61.7
ORG-STARTUP-013,2026-06,15.62,9.07,82.7,0.0605,0.1433,62.3
ORG-LARGE-009,2025-07,17.81,8.28,75.4,0.0601,0.119,58.8
ORG-LARGE-009,2025-08,14.18,10.22,77.9,0.0583,0.1302,64.8
ORG-LARGE-009,2025-09,16.11,10.43,79.7,0.0541,0.1328,61.4
ORG-LARGE-009,2025-10,16.13,8.2,65.2,0.0613,0.1273,61.6
ORG-LARGE-009,2025-11,16.53,9.79,77.5,0.06,0.1281,59.5
ORG-LARGE-009,2025-12,17.54,8.27,75.7,0.0627,0.1287,63.3
ORG-LARGE-009,2026-01,14.87,8.83,75.4,0.0495,0.137,62.5
ORG-LARGE-009,2026-02,17.83,7.61,74.1,0.0542,0.1401,60.2
ORG-LARGE-009,2026-03,14.11,8.51,77.0,0.0605,0.1223,64.3
ORG-LARGE-009,2026-04,17.61,9.1,81.4,0.0576,0.1274,59.8
ORG-LARGE-009,2026-05,15.96,10.3,80.6,0.0509,0.1407,64.5
ORG-LARGE-009,2026-06,16.66,9.76,74.9,0.068,0.1349,60.5
ORG-STARTUP-019,2025-07,15.95,8.63,85.7,0.0628,0.1196,58.3
ORG-STARTUP-019,2025-08,16.24,7.29,73.4,0.0516,0.1323,58.8
ORG-STARTUP-019,2025-09,15.84,8.65,73.9,0.0564,0.1288,65.4
ORG-STARTUP-019,2025-10,14.34,9.78,70.2,0.0577,0.1385,65.7
ORG-STARTUP-019,2025-11,16.06,8.48,81.1,0.0603,0.1434,55.5
ORG-STARTUP-019,2025-12,15.28,7.25,83.5,0.0621,0.1304,58.4
ORG-STARTUP-019,2026-01,16.0,8.39,83.4,0.064,0.1142,59.1
ORG-STARTUP-019,2026-02,13.97,8.88,80.3,0.054,0.1169,64.5
ORG-STARTUP-019,2026-03,15.12,9.39,78.3,0.0593,0.1219,60.8
ORG-STARTUP-019,2026-04,15.84,9.29,76.7,0.0611,0.1425,66.5
ORG-STARTUP-019,2026-05,14.92,9.26,73.8,0.0526,0.145,61.9
ORG-STARTUP-019,2026-06,16.12,8.38,72.3,0.0588,0.1217,61.2
ORG-LARGE-016,2025-07,13.95,8.17,66.2,0.0585,0.1248,58.0
ORG-LARGE-016,2025-08,18.29,9.4,76.8,0.0502,0.1364,64.7
ORG-LARGE-016,2025-09,15.4,8.89,77.9,0.0479,0.1292,58.0
ORG-LARGE-016,2025-10,14.14,10.39,80.3,0.0639,0.1237,63.0
ORG-LARGE-016,2025-11,16.78,9.03,80.6,0.0574,0.1373,63.8
ORG-LARGE-016,2025-12,16.57,8.55,73.4,0.0599,0.1243,65.3
ORG-LARGE-016,2026-01,14.64,8.18,72.7,0.0573,0.1287,60.9
ORG-LARGE-016,2026-02,14.44,7.07,79.5,0.0535,0.1468,58.7
ORG-LARGE-016,2026-03,13.86,8.56,73.2,0.0658,0.136,64.1
ORG-LARGE-016,2026-04,18.45,10.26,72.8,0.0618,0.1265,63.6
ORG-LARGE-016,2026-05,15.48,8.75,73.6,0.0621,0.128,65.2
ORG-LARGE-016,2026-06,15.12,10.19,81.2,0.064,0.1349,59.5
ORG-STARTUP-022,2025-07,15.47,7.67,77.0,0.0581,0.1339,62.7
ORG-STARTUP-022,2025-08,14.97,7.2,85.3,0.0509,0.1326,60.5
ORG-STARTUP-022,2025-09,15.23,9.96,74.5,0.056,0.137,61.3
ORG-STARTUP-022,2025-10,15.5,9.07,79.8,0.0573,0.1401,63.0
ORG-STARTUP-022,2025-11,14.79,9.31,74.0,0.0528,0.139,59.5
ORG-STARTUP-022,2025-12,15.17,8.97,82.2,0.0599,0.1361,62.6
ORG-STARTUP-022,2026-01,14.63,9.1,68.8,0.0647,0.1305,59.4
ORG-STARTUP-022,2026-02,17.48,9.33,72.8,0.0541,0.124,67.7
ORG-STARTUP-022,2026-03,14.97,8.43,65.4,0.0595,0.1201,66.9
ORG-STARTUP-022,2026-04,16.47,7.74,76.5,0.0577,0.1222,67.5
ORG-STARTUP-022,2026-05,16.67,10.07,78.4,0.0561,0.1404,63.3
ORG-STARTUP-022,2026-06,14.8,10.99,83.6,0.0731,0.1308,71.2
ORG-STARTUP-021,2025-07,17.03,7.93,76.6,0.061,0.1399,63.7
ORG-STARTUP-021,2025-08,16.51,8.75,82.0,0.0618,0.1235,61.7
ORG-STARTUP-021,2025-09,16.09,8.18,75.9,0.0522,0.1233,64.9
ORG-STARTUP-021,2025-10,16.9,10.76,76.2,0.0458,0.1274,61.1
ORG-STARTUP-021,2025-11,15.56,9.31,71.6,0.0651,0.1302,55.9
ORG-STARTUP-021,2025-12,16.11,8.95,78.0,0.0629,0.1432,61.5
ORG-STARTUP-021,2026-01,15.93,9.68,84.7,0.0608,0.1402,57.4
ORG-STARTUP-021,2026-02,17.62,9.09,72.0,0.0584,0.1304,64.6
ORG-STARTUP-021,2026-03,17.41,8.76,75.4,0.0563,0.1259,66.0
ORG-STARTUP-021,2026-04,15.67,8.7,68.9,0.0678,0.1279,62.2
ORG-STARTUP-021,2026-05,17.25,9.02,74.1,0.0502,0.1451,58.7
ORG-STARTUP-021,2026-06,16.33,9.48,86.7,0.0479,0.1275,57.1
ORG-LARGE-021,2025-07,14.16,10.01,65.1,0.0448,0.1171,62.0
ORG-LARGE-021,2025-08,14.1,8.88,58.7,0.059,0.1321,55.6
ORG-LARGE-021,2025-09,14.54,9.06,79.2,0.0586,0.1296,58.6
ORG-LARGE-021,2025-10,16.02,10.66,78.8,0.0481,0.1379,62.3
ORG-LARGE-021,2025-11,15.86,9.62,71.8,0.0586,0.1307,62.6
ORG-LARGE-021,2025-12,17.23,11.22,76.5,0.0639,0.1374,66.9
ORG-LARGE-021,2026-01,17.92,8.08,87.2,0.0537,0.1441,59.3
ORG-LARGE-021,2026-02,16.91,9.03,70.4,0.054,0.1261,58.2
ORG-LARGE-021,2026-03,14.45,8.96,66.4,0.0445,0.1412,65.2
ORG-LARGE-021,2026-04,15.65,8.48,78.5,0.0652,0.1372,60.3
ORG-LARGE-021,2026-05,16.52,9.79,80.8,0.0568,0.1252,61.2
ORG-LARGE-021,2026-06,15.37,10.25,77.3,0.0609,0.1255,61.6
ORG-LARGE-019,2025-07,15.37,8.7,70.3,0.048,0.1426,65.2
ORG-LARGE-019,2025-08,13.75,8.93,65.0,0.0504,0.1218,66.4
ORG-LARGE-019,2025-09,14.12,8.54,71.8,0.0523,0.1267,60.5
ORG-LARGE-019,2025-10,16.47,10.39,81.5,0.0438,0.1186,67.9
ORG-LARGE-019,2025-11,14.35,8.49,77.4,0.0573,0.1259,61.8
ORG-LARGE-019,2025-12,16.97,8.8,77.7,0.0544,0.1236,67.2
ORG-LARGE-019,2026-01,15.05,9.87,80.9,0.0642,0.1355,61.0
ORG-LARGE-019,2026-02,17.0,10.6,68.0,0.0545,0.133,64.6
ORG-LARGE-019,2026-03,16.31,9.92,81.1,0.0558,0.1291,62.6
ORG-LARGE-019,2026-04,16.68,8.52,76.3,0.0609,0.1198,56.1
ORG-LARGE-019,2026-05,14.73,8.53,82.9,0.049,0.1262,55.5
ORG-LARGE-019,2026-06,15.93,9.13,84.6,0.0612,0.1465,52.1
ORG-STARTUP-004,2025-07,16.24,7.74,69.6,0.0572,0.1241,65.8
ORG-STARTUP-004,2025-08,13.97,8.79,79.3,0.0548,0.1473,55.8
ORG-STARTUP-004,2025-09,17.19,11.0,70.5,0.0528,0.1418,70.2
ORG-STARTUP-004,2025-10,17.09,9.68,75.6,0.0649,0.1318,61.9
ORG-STARTUP-004,2025-11,15.95,8.75,76.9,0.0685,0.1238,55.5
ORG-STARTUP-004,2025-12,15.09,8.53,84.2,0.059,0.1338,53.6
ORG-STARTUP-004,2026-01,14.21,8.41,68.9,0.0514,0.128,59.6
ORG-STARTUP-004,2026-02,15.1,10.22,79.8,0.0526,0.1374,66.6
ORG-STARTUP-004,2026-03,16.32,8.29,82.9,0.0558,0.1327,67.3
ORG-STARTUP-004,2026-04,15.47,9.0,80.4,0.0512,0.1354,58.5
ORG-STARTUP-004,2026-05,14.97,9.32,70.0,0.059,0.1406,60.9
ORG-STARTUP-004,2026-06,16.02,9.52,77.0,0.0638,0.1449,62.0
ORG-LARGE-012,2025-07,17.49,9.21,77.7,0.0608,0.1353,60.9
ORG-LARGE-012,2025-08,13.9,8.2,70.2,0.0643,0.1346,62.8
ORG-LARGE-012,2025-09,14.96,8.88,82.8,0.058,0.1244,70.6
ORG-LARGE-012,2025-10,14.1,7.11,80.9,0.0534,0.1216,52.5
ORG-LARGE-012,2025-11,16.05,7.96,83.1,0.0522,0.1206,66.0
ORG-LARGE-012,2025-12,17.12,9.59,75.5,0.053,0.1291,59.2
ORG-LARGE-012,2026-01,18.37,9.43,77.7,0.0633,0.1292,64.5
ORG-LARGE-012,2026-02,14.71,9.24,79.1,0.0648,0.1411,59.5
ORG-LARGE-012,2026-03,15.4,9.2,65.3,0.0555,0.1286,54.7
ORG-LARGE-012,2026-04,17.35,8.67,79.9,0.0573,0.1441,67.4
ORG-LARGE-012,2026-05,13.46,10.17,70.1,0.0573,0.1326,60.6
ORG-LARGE-012,2026-06,15.7,10.56,83.9,0.0569,0.1358,60.1
ORG-MIDSIZE-019,2025-07,14.88,8.36,83.5,0.056,0.1247,61.9
ORG-MIDSIZE-019,2025-08,15.97,8.01,68.0,0.0533,0.1145,64.9
ORG-MIDSIZE-019,2025-09,15.42,10.11,83.6,0.0537,0.1277,64.7
ORG-MIDSIZE-019,2025-10,16.48,10.56,77.6,0.0601,0.1302,61.9
ORG-MIDSIZE-019,2025-11,15.9,7.49,75.2,0.0605,0.1311,55.2
ORG-MIDSIZE-019,2025-12,17.72,9.61,81.4,0.0618,0.1288,56.7
ORG-MIDSIZE-019,2026-01,15.09,10.03,75.0,0.0634,0.1371,59.0
ORG-MIDSIZE-019,2026-02,15.97,10.69,84.2,0.0495,0.1216,58.1
ORG-MIDSIZE-019,2026-03,15.49,10.38,64.1,0.0599,0.1187,68.9
ORG-MIDSIZE-019,2026-04,17.25,9.16,73.3,0.0519,0.1314,59.5
ORG-MIDSIZE-019,2026-05,15.97,9.14,74.6,0.0657,0.1263,64.9
ORG-MIDSIZE-019,2026-06,15.56,9.78,83.7,0.0559,0.1403,64.5
ORG-STARTUP-023,2025-07,13.93,5.26,72.3,0.0642,0.1328,58.2
ORG-STARTUP-023,2025-08,14.58,10.04,80.4,0.0571,0.1293,68.3
ORG-STARTUP-023,2025-09,14.85,8.25,81.1,0.0602,0.1337,59.3
ORG-STARTUP-023,2025-10,15.79,8.31,72.5,0.0479,0.1335,62.9
ORG-STARTUP-023,2025-11,16.28,9.75,69.6,0.0584,0.1356,67.6
ORG-STARTUP-023,2025-12,17.62,8.75,73.6,0.0645,0.1367,60.9
ORG-STARTUP-023,2026-01,15.25,8.61,73.2,0.0638,0.1228,61.6
ORG-STARTUP-023,2026-02,13.55,8.69,75.3,0.0527,0.1089,63.9
ORG-STARTUP-023,2026-03,16.34,8.65,76.1,0.0571,0.1373,58.6
ORG-STARTUP-023,2026-04,16.23,8.66,77.4,0.0541,0.1421,61.8
ORG-STARTUP-023,2026-05,17.22,9.42,75.3,0.0585,0.1324,57.7
ORG-STARTUP-023,2026-06,17.54,7.27,83.0,0.0634,0.1197,64.3
ORG-STARTUP-020,2025-07,16.85,7.84,78.5,0.0576,0.1266,65.5
ORG-STARTUP-020,2025-08,13.39,9.48,71.6,0.0506,0.1171,62.0
ORG-STARTUP-020,2025-09,16.27,10.52,76.8,0.0517,0.134,62.6
ORG-STARTUP-020,2025-10,15.96,7.44,71.0,0.0607,0.1277,59.0
ORG-STARTUP-020,2025-11,15.19,6.23,84.7,0.0564,0.1307,65.6
ORG-STARTUP-020,2025-12,17.18,7.89,76.6,0.0641,0.1348,61.7
ORG-STARTUP-020,2026-01,16.17,8.35,76.5,0.0601,0.1255,72.5
ORG-STARTUP-020,2026-02,17.53,9.6,78.7,0.0523,0.119,66.5
ORG-STARTUP-020,2026-03,17.24,9.57,68.4,0.0537,0.1081,68.3
ORG-STARTUP-020,2026-04,15.76,9.44,64.5,0.0566,0.1308,65.7
ORG-STARTUP-020,2026-05,18.54,7.97,78.0,0.0647,0.1266,68.3
ORG-STARTUP-020,2026-06,14.35,9.49,81.6,0.0589,0.1449,56.1
ORG-MIDSIZE-024,2025-07,17.45,10.44,79.4,0.0567,0.125,62.2
ORG-MIDSIZE-024,2025-08,15.29,8.78,72.7,0.0542,0.133,58.7
ORG-MIDSIZE-024,2025-09,14.21,8.84,75.5,0.0448,0.13,65.1
ORG-MIDSIZE-024,2025-10,15.75,9.21,66.4,0.065,0.1184,69.2
ORG-MIDSIZE-024,2025-11,15.85,7.43,84.1,0.0535,0.1231,63.6
ORG-MIDSIZE-024,2025-12,15.92,9.4,79.4,0.0582,0.1277,66.7
ORG-MIDSIZE-024,2026-01,16.61,8.52,71.5,0.0512,0.1131,64.3
ORG-MIDSIZE-024,2026-02,16.67,9.8,78.4,0.0666,0.1283,63.1
ORG-MIDSIZE-024,2026-03,15.72,9.6,72.0,0.0548,0.1351,61.6
ORG-MIDSIZE-024,2026-04,14.55,8.41,78.4,0.053,0.1291,62.9
ORG-MIDSIZE-024,2026-05,15.06,9.47,78.8,0.0605,0.1317,61.8
ORG-MIDSIZE-024,2026-06,14.01,7.74,72.6,0.0601,0.1321,63.4
ORG-STARTUP-006,2025-07,15.61,8.71,80.2,0.0417,0.1241,60.9
ORG-STARTUP-006,2025-08,16.2,9.59,81.4,0.0524,0.1242,61.0
ORG-STARTUP-006,2025-09,14.21,7.92,71.2,0.0582,0.1442,62.7
ORG-STARTUP-006,2025-10,14.12,10.14,74.2,0.0509,0.1304,71.7
ORG-STARTUP-006,2025-11,16.54,11.28,77.1,0.0541,0.133,63.0
ORG-STARTUP-006,2025-12,14.55,7.91,78.8,0.0583,0.1326,63.4
ORG-STARTUP-006,2026-01,16.54,7.71,76.4,0.0564,0.1153,59.6
ORG-STARTUP-006,2026-02,13.61,8.43,76.4,0.0518,0.1282,58.6
ORG-STARTUP-006,2026-03,16.25,10.56,82.8,0.0606,0.1235,62.3
ORG-STARTUP-006,2026-04,17.31,8.85,67.3,0.0507,0.125,57.0
ORG-STARTUP-006,2026-05,15.98,10.92,79.5,0.0494,0.1374,60.1
ORG-STARTUP-006,2026-06,16.91,8.67,77.0,0.0538,0.1422,62.6
ORG-STARTUP-002,2025-07,14.53,9.7,75.1,0.0603,0.1247,62.6
ORG-STARTUP-002,2025-08,15.07,9.07,79.0,0.049,0.1175,59.4
ORG-STARTUP-002,2025-09,16.21,9.5,82.9,0.0567,0.1369,63.2
ORG-STARTUP-002,2025-10,16.57,7.3,68.7,0.0586,0.1107,64.8
ORG-STARTUP-002,2025-11,16.06,9.92,75.4,0.0553,0.1332,65.3
ORG-STARTUP-002,2025-12,17.02,8.64,82.6,0.063,0.1352,59.5
ORG-STARTUP-002,2026-01,15.22,8.19,67.9,0.0486,0.1207,67.3
ORG-STARTUP-002,2026-02,16.85,10.48,67.7,0.0594,0.119,70.9
ORG-STARTUP-002,2026-03,14.11,9.12,78.3,0.0497,0.1297,63.5
ORG-STARTUP-002,2026-04,16.47,7.02,67.0,0.0644,0.1458,60.5
ORG-STARTUP-002,2026-05,16.51,9.55,75.2,0.058,0.1329,61.1
ORG-STARTUP-002,2026-06,15.42,8.08,85.3,0.0622,0.1292,49.7
ORG-MNC-011,2025-07,15.8,9.47,89.3,0.0571,0.1258,67.1
ORG-MNC-011,2025-08,13.69,7.95,74.0,0.0496,0.1145,61.1
ORG-MNC-011,2025-09,17.72,9.06,79.8,0.0513,0.1364,61.8
ORG-MNC-011,2025-10,17.13,7.43,76.3,0.0486,0.1274,59.5
ORG-MNC-011,2025-11,17.17,7.92,84.5,0.0554,0.1366,63.0
ORG-MNC-011,2025-12,16.58,8.33,76.9,0.0641,0.1467,54.0
ORG-MNC-011,2026-01,16.75,9.55,83.1,0.0536,0.1263,67.3
ORG-MNC-011,2026-02,15.63,7.87,67.3,0.0567,0.1067,60.7
ORG-MNC-011,2026-03,17.36,8.33,67.6,0.0602,0.1299,61.1
ORG-MNC-011,2026-04,14.37,8.28,84.9,0.0589,0.1396,73.4
ORG-MNC-011,2026-05,14.37,9.85,70.8,0.059,0.1347,71.9
ORG-MNC-011,2026-06,17.27,8.32,68.7,0.0511,0.1249,64.8
ORG-LARGE-003,2025-07,15.55,6.34,59.3,0.0552,0.1364,63.2
ORG-LARGE-003,2025-08,15.52,9.16,80.8,0.0558,0.1345,63.8
ORG-LARGE-003,2025-09,14.14,6.24,71.9,0.0521,0.1179,58.9
ORG-LARGE-003,2025-10,12.96,8.9,73.8,0.0498,0.1263,63.6
ORG-LARGE-003,2025-11,14.17,7.6,70.8,0.0701,0.1422,63.3
ORG-LARGE-003,2025-12,16.99,10.48,74.4,0.0532,0.1246,65.8
ORG-LARGE-003,2026-01,16.11,8.32,79.8,0.0559,0.1264,65.5
ORG-LARGE-003,2026-02,13.94,9.85,75.6,0.0527,0.1141,62.9
ORG-LARGE-003,2026-03,12.62,9.4,79.6,0.058,0.1173,69.3
ORG-LARGE-003,2026-04,16.26,7.4,78.3,0.0651,0.1275,64.4
ORG-LARGE-003,2026-05,15.88,9.72,70.9,0.0605,0.1441,58.7
ORG-LARGE-003,2026-06,16.36,10.13,79.3,0.0693,0.1355,62.6
ORG-STARTUP-010,2025-07,16.18,8.73,75.3,0.0607,0.1349,60.7
ORG-STARTUP-010,2025-08,15.83,8.4,81.7,0.0638,0.1295,65.7
ORG-STARTUP-010,2025-09,18.4,9.97,77.1,0.0549,0.1297,65.8
ORG-STARTUP-010,2025-10,14.62,9.08,83.7,0.0512,0.1271,49.7
ORG-STARTUP-010,2025-11,15.38,7.08,74.3,0.059,0.1407,67.0
ORG-STARTUP-010,2025-12,15.66,8.3,73.3,0.0527,0.1225,62.3
ORG-STARTUP-010,2026-01,15.86,9.84,87.4,0.0506,0.1327,62.8
ORG-STARTUP-010,2026-02,15.65,8.25,64.3,0.0567,0.1384,59.7
ORG-STARTUP-010,2026-03,14.52,6.95,84.9,0.0562,0.1396,65.6
ORG-STARTUP-010,2026-04,15.11,8.5,81.3,0.0653,0.1241,60.1
ORG-STARTUP-010,2026-05,16.45,8.11,74.1,0.0628,0.1366,58.3
ORG-STARTUP-010,2026-06,16.97,9.56,75.4,0.0537,0.1235,56.3
ORG-MIDSIZE-022,2025-07,15.73,7.64,76.7,0.053,0.1234,64.0
ORG-MIDSIZE-022,2025-08,16.84,8.03,70.3,0.0548,0.1114,64.8
ORG-MIDSIZE-022,2025-09,15.48,9.79,79.9,0.0449,0.1175,70.9
ORG-MIDSIZE-022,2025-10,15.88,9.85,80.9,0.0558,0.1213,66.1
ORG-MIDSIZE-022,2025-11,14.42,8.65,78.5,0.0599,0.1368,61.8
ORG-MIDSIZE-022,2025-12,16.06,9.85,84.4,0.0623,0.1168,62.0
ORG-MIDSIZE-022,2026-01,14.65,9.42,80.4,0.0508,0.1188,56.2
ORG-MIDSIZE-022,2026-02,14.74,9.13,78.4,0.0568,0.1259,56.6
ORG-MIDSIZE-022,2026-03,15.3,7.2,72.3,0.0617,0.1254,60.0
ORG-MIDSIZE-022,2026-04,16.42,8.73,78.0,0.0619,0.1205,61.5
ORG-MIDSIZE-022,2026-05,15.8,9.02,70.0,0.0602,0.1198,56.8
ORG-MIDSIZE-022,2026-06,16.58,6.82,81.8,0.0663,0.1265,62.3
ORG-STARTUP-017,2025-07,17.12,8.12,81.1,0.0518,0.122,61.8
ORG-STARTUP-017,2025-08,15.05,8.66,74.2,0.0453,0.1113,64.8
ORG-STARTUP-017,2025-09,14.08,9.33,66.8,0.0526,0.1518,64.2
ORG-STARTUP-017,2025-10,16.14,7.37,64.9,0.0646,0.128,62.4
ORG-STARTUP-017,2025-11,15.98,9.36,67.8,0.0592,0.1465,65.3
ORG-STARTUP-017,2025-12,16.06,9.79,75.3,0.0692,0.1308,58.9
ORG-STARTUP-017,2026-01,14.57,8.81,80.9,0.0484,0.1301,65.8
ORG-STARTUP-017,2026-02,15.56,7.96,73.8,0.0581,0.1451,58.0
ORG-STARTUP-017,2026-03,14.14,7.29,70.8,0.0547,0.1354,67.8
ORG-STARTUP-017,2026-04,15.84,9.41,85.1,0.0611,0.136,60.2
ORG-STARTUP-017,2026-05,20.23,8.92,81.0,0.0583,0.1316,67.2
ORG-STARTUP-017,2026-06,15.88,8.97,73.0,0.0752,0.1184,61.4
ORG-LARGE-011,2025-07,15.68,9.48,64.6,0.0493,0.142,65.3
ORG-LARGE-011,2025-08,15.1,8.43,72.4,0.0531,0.138,61.7
ORG-LARGE-011,2025-09,16.18,10.52,80.9,0.054,0.12,57.2
ORG-LARGE-011,2025-10,15.68,8.21,84.6,0.0671,0.1316,54.7
ORG-LARGE-011,2025-11,16.18,9.66,87.6,0.0605,0.1327,65.2
ORG-LARGE-011,2025-12,16.24,9.07,79.7,0.0658,0.1356,62.2
ORG-LARGE-011,2026-01,18.74,8.0,66.4,0.0568,0.1353,55.1
ORG-LARGE-011,2026-02,16.07,9.81,78.4,0.0551,0.1336,63.3
ORG-LARGE-011,2026-03,11.15,12.05,66.2,0.0545,0.1307,60.2
ORG-LARGE-011,2026-04,16.92,7.68,74.7,0.0587,0.139,65.2
ORG-LARGE-011,2026-05,15.32,9.01,69.4,0.0464,0.1385,60.9
ORG-LARGE-011,2026-06,17.48,9.47,68.8,0.0503,0.1372,61.5
ORG-MIDSIZE-008,2025-07,12.83,8.53,81.9,0.0495,0.1418,65.5
ORG-MIDSIZE-008,2025-08,12.57,8.88,76.0,0.0526,0.1395,59.2
ORG-MIDSIZE-008,2025-09,14.95,7.78,72.0,0.0564,0.1181,59.8
ORG-MIDSIZE-008,2025-10,15.55,10.48,88.4,0.07,0.1361,64.4
ORG-MIDSIZE-008,2025-11,14.34,9.57,73.7,0.0549,0.1327,58.8
ORG-MIDSIZE-008,2025-12,17.4,7.87,82.5,0.057,0.1357,65.2
ORG-MIDSIZE-008,2026-01,14.86,10.9,84.7,0.0491,0.1283,61.9
ORG-MIDSIZE-008,2026-02,15.3,9.53,65.2,0.0519,0.1319,62.4
ORG-MIDSIZE-008,2026-03,15.47,8.35,79.4,0.0517,0.1228,66.0
ORG-MIDSIZE-008,2026-04,18.48,8.85,84.5,0.0514,0.1449,66.8
ORG-MIDSIZE-008,2026-05,18.26,8.16,84.5,0.0567,0.1339,61.0
ORG-MIDSIZE-008,2026-06,16.45,9.56,87.6,0.0715,0.1333,59.5
ORG-LARGE-014,2025-07,16.24,8.45,77.3,0.0545,0.1325,60.2
ORG-LARGE-014,2025-08,16.24,8.08,73.0,0.0459,0.1167,62.8
ORG-LARGE-014,2025-09,16.46,8.79,75.6,0.0583,0.1298,61.0
ORG-LARGE-014,2025-10,15.65,8.78,73.8,0.0541,0.1305,64.9
ORG-LARGE-014,2025-11,16.33,9.17,82.6,0.0546,0.1306,58.2
ORG-LARGE-014,2025-12,16.6,7.0,81.4,0.049,0.131,60.9
ORG-LARGE-014,2026-01,16.25,6.08,79.8,0.0468,0.12,65.3
ORG-LARGE-014,2026-02,17.52,8.43,79.1,0.0586,0.1205,70.5
ORG-LARGE-014,2026-03,13.25,9.36,76.5,0.0582,0.1312,63.0
ORG-LARGE-014,2026-04,15.99,7.81,80.9,0.0574,0.1109,69.0
ORG-LARGE-014,2026-05,15.59,10.23,78.5,0.0669,0.1194,62.9
ORG-LARGE-014,2026-06,18.52,9.18,76.3,0.0604,0.1369,56.5
ORG-MIDSIZE-001,2025-07,14.94,8.11,66.8,0.0561,0.1272,67.9
ORG-MIDSIZE-001,2025-08,14.54,8.48,80.2,0.0573,0.1126,59.6
ORG-MIDSIZE-001,2025-09,17.39,8.06,81.6,0.0599,0.1138,59.5
ORG-MIDSIZE-001,2025-10,14.0,7.78,72.1,0.0607,0.1213,61.8
ORG-MIDSIZE-001,2025-11,16.19,10.0,78.2,0.051,0.1319,64.5
ORG-MIDSIZE-001,2025-12,16.41,9.77,83.8,0.0471,0.134,60.4
ORG-MIDSIZE-001,2026-01,15.65,6.36,82.2,0.0576,0.1351,70.9
ORG-MIDSIZE-001,2026-02,15.68,8.67,76.2,0.0568,0.1341,64.4
ORG-MIDSIZE-001,2026-03,14.94,8.62,65.7,0.0457,0.1354,67.5
ORG-MIDSIZE-001,2026-04,19.22,9.64,84.4,0.052,0.1341,59.2
ORG-MIDSIZE-001,2026-05,17.2,9.58,73.2,0.0592,0.1222,65.9
ORG-MIDSIZE-001,2026-06,15.42,8.18,78.4,0.0619,0.1416,54.4
ORG-LARGE-010,2025-07,15.87,9.26,75.7,0.0602,0.1231,64.9
ORG-LARGE-010,2025-08,14.15,10.08,79.5,0.0466,0.1219,64.2
ORG-LARGE-010,2025-09,14.82,8.83,79.0,0.0676,0.1249,63.2
ORG-LARGE-010,2025-10,15.13,9.46,80.8,0.0526,0.1351,68.4
ORG-LARGE-010,2025-11,15.37,9.84,81.5,0.0709,0.1323,63.8
ORG-LARGE-010,2025-12,11.76,10.63,83.3,0.0613,0.1458,59.9
ORG-LARGE-010,2026-01,15.26,10.92,86.7,0.0682,0.1291,66.7
ORG-LARGE-010,2026-02,14.76,8.4,67.4,0.0598,0.1304,61.8
ORG-LARGE-010,2026-03,15.49,8.84,75.4,0.0529,0.1319,64.2
ORG-LARGE-010,2026-04,16.7,10.21,73.1,0.0577,0.1354,63.4
ORG-LARGE-010,2026-05,16.16,9.9,78.0,0.0678,0.1247,68.9
ORG-LARGE-010,2026-06,15.66,9.68,75.2,0.062,0.1415,60.6
ORG-MNC-012,2025-07,15.42,9.37,80.1,0.0665,0.1372,63.0
ORG-MNC-012,2025-08,14.42,9.78,73.5,0.0416,0.1225,61.8
ORG-MNC-012,2025-09,17.95,8.47,78.2,0.066,0.1228,67.3
ORG-MNC-012,2025-10,15.08,7.29,84.7,0.0566,0.1333,63.9
ORG-MNC-012,2025-11,14.21,9.97,76.4,0.0561,0.1189,59.4
ORG-MNC-012,2025-12,16.36,10.34,76.7,0.0628,0.1265,60.0
ORG-MNC-012,2026-01,14.2,7.32,85.6,0.056,0.1302,56.6
ORG-MNC-012,2026-02,12.05,9.1,69.6,0.0455,0.1189,59.7
ORG-MNC-012,2026-03,16.5,9.93,64.6,0.0588,0.1429,61.0
ORG-MNC-012,2026-04,16.0,8.2,78.9,0.0631,0.1334,57.7
ORG-MNC-012,2026-05,16.9,9.97,78.9,0.0592,0.1425,56.3
ORG-MNC-012,2026-06,14.89,8.39,78.9,0.0619,0.1181,64.6
ORG-MNC-003,2025-07,17.03,8.76,74.6,0.0702,0.1185,70.2
ORG-MNC-003,2025-08,16.8,8.5,74.8,0.0466,0.1283,58.1
ORG-MNC-003,2025-09,16.43,8.73,62.6,0.0624,0.1301,60.0
ORG-MNC-003,2025-10,15.8,9.36,79.8,0.0549,0.1272,59.8
ORG-MNC-003,2025-11,17.2,8.4,68.3,0.0592,0.1564,55.6
ORG-MNC-003,2025-12,15.48,8.57,85.5,0.0514,0.138,67.9
ORG-MNC-003,2026-01,13.68,7.32,79.1,0.0617,0.1238,59.4
ORG-MNC-003,2026-02,17.56,10.08,72.2,0.0553,0.1225,60.7
ORG-MNC-003,2026-03,16.93,7.94,84.5,0.0469,0.1277,60.3
ORG-MNC-003,2026-04,15.96,10.61,75.3,0.0626,0.145,64.8
ORG-MNC-003,2026-05,18.25,9.77,71.8,0.0641,0.1459,57.5
ORG-MNC-003,2026-06,17.35,7.81,72.1,0.0506,0.1284,65.3
ORG-STARTUP-003,2025-07,13.8,8.12,68.8,0.0482,0.1288,57.3
ORG-STARTUP-003,2025-08,15.51,8.83,67.1,0.0489,0.1201,58.4
ORG-STARTUP-003,2025-09,16.26,8.36,80.6,0.0549,0.1223,66.3
ORG-STARTUP-003,2025-10,16.31,10.57,74.1,0.0687,0.1318,64.9
ORG-STARTUP-003,2025-11,15.84,8.14,76.0,0.0543,0.1327,58.1
ORG-STARTUP-003,2025-12,16.27,8.38,70.1,0.065,0.1205,63.6
ORG-STARTUP-003,2026-01,15.06,8.61,73.6,0.0514,0.1314,63.5
ORG-STARTUP-003,2026-02,13.66,10.08,83.7,0.0594,0.125,63.0
ORG-STARTUP-003,2026-03,16.89,7.49,68.7,0.0473,0.1344,66.4
ORG-STARTUP-003,2026-04,16.79,10.07,75.9,0.0466,0.1196,64.9
ORG-STARTUP-003,2026-05,13.42,8.57,72.0,0.0726,0.1278,52.9
ORG-STARTUP-003,2026-06,14.92,5.88,73.3,0.0584,0.1295,58.0
ORG-LARGE-024,2025-07,12.07,7.98,80.9,0.0606,0.1297,66.9
ORG-LARGE-024,2025-08,15.3,7.68,78.4,0.0615,0.1307,69.3
ORG-LARGE-024,2025-09,15.54,9.05,73.1,0.0647,0.1349,62.7
ORG-LARGE-024,2025-10,16.69,7.34,72.8,0.0577,0.1318,67.9
ORG-LARGE-024,2025-11,16.2,9.78,67.1,0.0641,0.1273,60.5
ORG-LARGE-024,2025-12,15.4,9.87,85.5,0.0588,0.1206,64.3
ORG-LARGE-024,2026-01,14.11,9.55,69.2,0.0503,0.117,67.5
ORG-LARGE-024,2026-02,15.27,6.54,73.4,0.0481,0.1332,67.7
ORG-LARGE-024,2026-03,15.04,8.0,72.7,0.0521,0.1239,64.6
ORG-LARGE-024,2026-04,18.1,7.98,80.2,0.069,0.1279,56.1
ORG-LARGE-024,2026-05,16.47,8.69,85.0,0.049,0.1309,62.1
ORG-LARGE-024,2026-06,16.07,7.26,79.4,0.0408,0.1264,61.2
ORG-LARGE-008,2025-07,16.79,7.9,75.6,0.0649,0.1325,64.5
ORG-LARGE-008,2025-08,15.14,7.52,75.6,0.0497,0.1159,67.5
ORG-LARGE-008,2025-09,14.71,10.08,69.9,0.0611,0.1361,61.9
ORG-LARGE-008,2025-10,16.13,8.9,74.8,0.0526,0.1231,60.8
ORG-LARGE-008,2025-11,16.96,9.57,84.2,0.0581,0.1219,59.2
ORG-LARGE-008,2025-12,14.45,8.74,83.9,0.0662,0.1275,59.1
ORG-LARGE-008,2026-01,13.8,10.54,83.5,0.0455,0.1279,56.8
ORG-LARGE-008,2026-02,13.9,7.06,67.9,0.0622,0.1217,66.2
ORG-LARGE-008,2026-03,18.06,10.36,72.1,0.0504,0.1194,67.4
ORG-LARGE-008,2026-04,16.15,8.23,81.8,0.0496,0.1266,64.9
ORG-LARGE-008,2026-05,17.23,9.21,70.4,0.0516,0.1147,59.4
ORG-LARGE-008,2026-06,16.3,10.83,70.5,0.0655,0.1199,67.6
ORG-MNC-007,2025-07,15.36,8.97,83.1,0.0686,0.1199,53.8
ORG-MNC-007,2025-08,16.8,8.86,76.8,0.0503,0.1292,64.0
ORG-MNC-007,2025-09,16.12,9.06,85.0,0.0494,0.1259,62.7
ORG-MNC-007,2025-10,16.09,10.37,78.7,0.0541,0.1267,59.1
ORG-MNC-007,2025-11,13.62,8.66,71.3,0.0495,0.1355,67.5
ORG-MNC-007,2025-12,15.59,9.04,76.1,0.0652,0.1211,62.2
ORG-MNC-007,2026-01,18.87,7.62,69.1,0.055,0.1328,59.4
ORG-MNC-007,2026-02,15.82,9.97,70.8,0.055,0.1241,62.7
ORG-MNC-007,2026-03,16.34,9.2,77.5,0.0614,0.1307,61.4
ORG-MNC-007,2026-04,15.61,9.06,68.4,0.0519,0.1246,65.4
ORG-MNC-007,2026-05,15.84,7.26,82.4,0.0552,0.1407,65.4
ORG-MNC-007,2026-06,16.22,8.82,77.4,0.0607,0.1428,65.5
ORG-MIDSIZE-003,2025-07,14.61,9.12,78.2,0.0558,0.1378,55.7
ORG-MIDSIZE-003,2025-08,14.83,9.16,77.7,0.0507,0.1338,68.3
ORG-MIDSIZE-003,2025-09,16.53,6.87,65.9,0.0552,0.1171,61.0
ORG-MIDSIZE-003,2025-10,17.8,8.17,79.5,0.0619,0.1222,56.5
ORG-MIDSIZE-003,2025-11,17.15,9.34,72.8,0.0549,0.1444,64.0
ORG-MIDSIZE-003,2025-12,16.36,8.52,78.0,0.0537,0.1414,69.7
ORG-MIDSIZE-003,2026-01,14.27,8.96,82.5,0.055,0.1384,62.8
ORG-MIDSIZE-003,2026-02,15.7,7.45,79.8,0.0668,0.1184,65.9
ORG-MIDSIZE-003,2026-03,18.07,10.65,72.1,0.0643,0.125,58.5
ORG-MIDSIZE-003,2026-04,16.99,10.08,71.5,0.0491,0.1331,63.8
ORG-MIDSIZE-003,2026-05,14.91,7.87,77.7,0.058,0.1249,61.4
ORG-MIDSIZE-003,2026-06,16.73,7.83,77.0,0.0604,0.1302,56.3
ORG-LARGE-005,2025-07,15.76,9.35,79.7,0.0487,0.1134,62.2
ORG-LARGE-005,2025-08,17.01,8.27,79.8,0.0563,0.1194,64.8
ORG-LARGE-005,2025-09,16.45,9.55,68.9,0.0491,0.1252,63.3
ORG-LARGE-005,2025-10,16.57,9.3,73.7,0.0685,0.1242,60.8
ORG-LARGE-005,2025-11,14.71,9.4,69.5,0.0564,0.1067,70.2
ORG-LARGE-005,2025-12,17.55,9.25,85.2,0.0565,0.1438,57.4
ORG-LARGE-005,2026-01,15.05,8.18,74.0,0.0539,0.1251,62.3
ORG-LARGE-005,2026-02,15.2,7.87,71.6,0.0482,0.1273,54.7
ORG-LARGE-005,2026-03,15.19,7.72,73.3,0.0662,0.1271,61.5
ORG-LARGE-005,2026-04,14.87,8.86,70.9,0.0532,0.1327,65.0
ORG-LARGE-005,2026-05,15.15,8.98,84.9,0.0516,0.1414,60.1
ORG-LARGE-005,2026-06,13.99,7.7,77.5,0.0662,0.124,58.5
ORG-MNC-004,2025-07,15.13,6.36,71.7,0.0595,0.112,64.1
ORG-MNC-004,2025-08,14.33,9.76,68.5,0.0539,0.1113,65.1
ORG-MNC-004,2025-09,17.88,8.26,73.4,0.0574,0.1363,58.7
ORG-MNC-004,2025-10,15.94,8.77,73.9,0.0475,0.1296,62.5
ORG-MNC-004,2025-11,15.18,8.94,71.7,0.0634,0.1224,69.9
ORG-MNC-004,2025-12,17.58,8.65,80.7,0.0549,0.1522,59.8
ORG-MNC-004,2026-01,14.62,8.54,79.0,0.0457,0.1208,56.6
ORG-MNC-004,2026-02,15.04,9.46,73.6,0.0543,0.1335,60.3
ORG-MNC-004,2026-03,15.19,10.03,81.0,0.0564,0.145,63.6
ORG-MNC-004,2026-04,13.21,13.07,74.7,0.0478,0.1236,63.0
ORG-MNC-004,2026-05,18.39,8.74,72.7,0.0633,0.1367,56.0
ORG-MNC-004,2026-06,16.02,8.05,78.4,0.0615,0.1381,60.1
ORG-MNC-017,2025-07,17.08,7.19,82.4,0.0455,0.1335,73.5
ORG-MNC-017,2025-08,17.25,9.39,64.5,0.052,0.1276,57.1
ORG-MNC-017,2025-09,14.98,8.51,69.3,0.0543,0.1195,66.1
ORG-MNC-017,2025-10,16.7,7.63,73.0,0.0593,0.1333,57.1
ORG-MNC-017,2025-11,16.72,8.09,70.0,0.044,0.1222,63.3
ORG-MNC-017,2025-12,16.6,9.51,76.6,0.0586,0.1061,65.4
ORG-MNC-017,2026-01,17.85,9.85,76.7,0.0614,0.126,65.3
ORG-MNC-017,2026-02,17.14,8.65,72.1,0.0566,0.1332,61.4
ORG-MNC-017,2026-03,15.79,8.26,81.0,0.0609,0.1293,55.9
ORG-MNC-017,2026-04,15.97,9.78,82.5,0.0554,0.1402,58.4
ORG-MNC-017,2026-05,17.54,9.98,71.9,0.0625,0.1332,63.2
ORG-MNC-017,2026-06,15.96,9.88,74.9,0.052,0.1316,60.5
ORG-LARGE-018,2025-07,15.02,7.56,70.1,0.0542,0.1283,64.5
ORG-LARGE-018,2025-08,16.44,6.52,77.4,0.0566,0.1401,64.1
ORG-LARGE-018,2025-09,16.13,8.66,76.6,0.0563,0.1324,59.1
ORG-LARGE-018,2025-10,15.14,9.38,78.3,0.0681,0.1377,63.4
ORG-LARGE-018,2025-11,17.17,7.88,82.8,0.0566,0.1255,62.0
ORG-LARGE-018,2025-12,18.43,10.62,83.4,0.061,0.1305,56.5
ORG-LARGE-018,2026-01,17.24,8.59,71.8,0.0509,0.1246,61.4
ORG-LARGE-018,2026-02,16.56,8.21,74.8,0.0608,0.118,59.7
ORG-LARGE-018,2026-03,16.34,9.02,77.6,0.0527,0.1213,64.0
ORG-LARGE-018,2026-04,15.74,9.26,79.5,0.0527,0.1187,62.1
ORG-LARGE-018,2026-05,14.69,9.29,72.8,0.0544,0.1269,64.9
ORG-LARGE-018,2026-06,17.91,8.66,77.3,0.051,0.1327,62.2
ORG-LARGE-006,2025-07,15.23,10.39,70.7,0.06,0.1459,65.9
ORG-LARGE-006,2025-08,17.0,9.28,80.7,0.0586,0.137,64.0
ORG-LARGE-006,2025-09,15.11,8.63,79.7,0.0463,0.1301,65.1
ORG-LARGE-006,2025-10,20.11,8.33,69.9,0.0615,0.1393,53.2
ORG-LARGE-006,2025-11,17.37,8.55,72.2,0.0626,0.1354,60.2
ORG-LARGE-006,2025-12,17.47,11.37,74.4,0.0633,0.1423,62.0
ORG-LARGE-006,2026-01,13.8,9.15,72.1,0.0439,0.1303,68.8
ORG-LARGE-006,2026-02,14.71,9.71,80.9,0.0511,0.1221,57.4
ORG-LARGE-006,2026-03,16.91,8.67,73.7,0.0537,0.132,58.4
ORG-LARGE-006,2026-04,14.66,10.61,72.2,0.0547,0.136,61.3
ORG-LARGE-006,2026-05,17.28,10.11,71.7,0.0637,0.1274,59.4
ORG-LARGE-006,2026-06,13.65,9.95,82.9,0.0616,0.1254,58.8
ORG-MNC-010,2025-07,16.34,7.69,73.7,0.0603,0.1291,64.2
ORG-MNC-010,2025-08,16.47,8.88,78.1,0.0588,0.1363,60.0
ORG-MNC-010,2025-09,11.53,8.02,72.5,0.0478,0.1361,57.4
ORG-MNC-010,2025-10,15.1,7.68,81.9,0.0565,0.1119,67.5
ORG-MNC-010,2025-11,14.27,8.89,69.7,0.0586,0.1212,59.1
ORG-MNC-010,2025-12,16.87,9.7,74.4,0.054,0.1333,57.2
ORG-MNC-010,2026-01,16.18,8.26,78.4,0.0632,0.1118,67.7
ORG-MNC-010,2026-02,14.12,8.36,64.4,0.0593,0.128,62.5
ORG-MNC-010,2026-03,14.83,9.8,70.7,0.0621,0.1202,54.4
ORG-MNC-010,2026-04,15.94,8.6,80.3,0.0638,0.1107,63.0
ORG-MNC-010,2026-05,14.52,8.63,74.6,0.0452,0.1296,65.2
ORG-MNC-010,2026-06,16.86,8.84,79.4,0.0644,0.131,66.6
ORG-MNC-020,2025-07,15.35,8.51,86.4,0.0576,0.114,64.5
ORG-MNC-020,2025-08,16.79,7.29,80.0,0.0551,0.1292,58.8
ORG-MNC-020,2025-09,15.34,8.45,82.3,0.0618,0.1204,65.1
ORG-MNC-020,2025-10,15.61,11.14,65.0,0.0529,0.1329,59.1
ORG-MNC-020,2025-11,15.96,9.08,73.4,0.0518,0.1299,57.5
ORG-MNC-020,2025-12,13.59,10.06,70.0,0.0551,0.1348,63.0
ORG-MNC-020,2026-01,13.85,8.56,71.2,0.0468,0.1404,64.2
ORG-MNC-020,2026-02,14.31,9.97,76.2,0.0502,0.1306,51.9
ORG-MNC-020,2026-03,15.31,7.89,79.3,0.0632,0.1277,56.9
ORG-MNC-020,2026-04,15.06,8.98,71.1,0.0636,0.1257,68.4
ORG-MNC-020,2026-05,16.48,10.33,83.0,0.0602,0.125,59.5
ORG-MNC-020,2026-06,15.81,10.1,83.7,0.0537,0.1286,64.9
ORG-MIDSIZE-014,2025-07,16.17,10.11,65.7,0.0511,0.125,64.9
ORG-MIDSIZE-014,2025-08,14.53,7.17,71.6,0.063,0.1164,65.4
ORG-MIDSIZE-014,2025-09,15.76,9.32,73.0,0.0465,0.1312,66.7
ORG-MIDSIZE-014,2025-10,14.5,9.8,82.7,0.061,0.1288,59.6
ORG-MIDSIZE-014,2025-11,12.66,8.08,68.7,0.0437,0.1215,66.6
ORG-MIDSIZE-014,2025-12,17.1,8.51,82.9,0.0622,0.1293,59.9
ORG-MIDSIZE-014,2026-01,15.37,8.75,72.8,0.0628,0.1111,55.6
ORG-MIDSIZE-014,2026-02,18.76,9.9,71.1,0.0596,0.1269,63.3
ORG-MIDSIZE-014,2026-03,17.16,8.51,70.1,0.0555,0.1342,60.0
ORG-MIDSIZE-014,2026-04,16.07,9.33,83.3,0.0506,0.1298,63.8
ORG-MIDSIZE-014,2026-05,13.86,9.17,73.1,0.0621,0.137,61.9
ORG-MIDSIZE-014,2026-06,16.03,8.95,73.2,0.0619,0.1334,54.6
ORG-MIDSIZE-028,2025-07,15.51,8.55,66.1,0.0553,0.1185,66.3
ORG-MIDSIZE-028,2025-08,13.87,8.43,74.1,0.0475,0.1292,56.9
ORG-MIDSIZE-028,2025-09,14.96,8.88,78.8,0.0489,0.1183,66.7
ORG-MIDSIZE-028,2025-10,15.83,7.86,71.7,0.0637,0.1327,60.8
ORG-MIDSIZE-028,2025-11,16.21,8.39,81.2,0.0608,0.1263,61.9
ORG-MIDSIZE-028,2025-12,15.95,8.36,80.2,0.0558,0.1258,65.6
ORG-MIDSIZE-028,2026-01,14.27,8.94,69.7,0.0509,0.1382,70.8
ORG-MIDSIZE-028,2026-02,16.13,9.05,76.8,0.0498,0.1206,61.5
ORG-MIDSIZE-028,2026-03,13.95,8.07,73.8,0.0592,0.1206,62.4
ORG-MIDSIZE-028,2026-04,16.24,9.25,69.6,0.0601,0.131,62.7
ORG-MIDSIZE-028,2026-05,16.03,8.67,78.2,0.0643,0.1338,56.2
ORG-MIDSIZE-028,2026-06,14.47,7.83,77.7,0.0542,0.1225,60.9
ORG-LARGE-023,2025-07,14.34,8.66,72.9,0.0569,0.145,64.1
ORG-LARGE-023,2025-08,17.72,8.14,86.2,0.0439,0.1192,66.6
ORG-LARGE-023,2025-09,16.74,7.86,81.4,0.0511,0.1293,62.8
ORG-LARGE-023,2025-10,15.46,8.46,75.3,0.0481,0.1286,58.7
ORG-LARGE-023,2025-11,17.89,8.96,81.1,0.0496,0.1252,56.4
ORG-LARGE-023,2025-12,13.75,9.56,75.0,0.0496,0.128,57.5
ORG-LARGE-023,2026-01,14.3,8.42,70.9,0.0527,0.122,64.6
ORG-LARGE-023,2026-02,17.02,8.43,74.7,0.0524,0.1177,65.5
ORG-LARGE-023,2026-03,19.34,9.58,73.6,0.0565,0.1328,64.6
ORG-LARGE-023,2026-04,14.01,10.22,70.1,0.0605,0.1302,55.0
ORG-LARGE-023,2026-05,14.85,10.3,74.1,0.0484,0.1241,63.5
ORG-LARGE-023,2026-06,15.06,9.49,85.6,0.0514,0.1276,56.2
ORG-MNC-005,2025-07,16.83,9.98,83.7,0.0533,0.1291,58.3
ORG-MNC-005,2025-08,16.12,10.11,66.5,0.0591,0.1361,64.0
ORG-MNC-005,2025-09,13.34,9.09,74.2,0.0492,0.128,66.0
ORG-MNC-005,2025-10,16.41,9.21,75.0,0.0592,0.1347,70.4
ORG-MNC-005,2025-11,17.99,8.92,77.8,0.0592,0.1319,66.2
ORG-MNC-005,2025-12,14.95,9.04,68.3,0.0396,0.1424,58.7
ORG-MNC-005,2026-01,16.69,8.16,73.1,0.0533,0.13,66.0
ORG-MNC-005,2026-02,16.79,8.85,79.0,0.0592,0.1358,59.0
ORG-MNC-005,2026-03,15.71,9.52,63.1,0.052,0.1395,62.2
ORG-MNC-005,2026-04,15.77,9.65,84.6,0.0551,0.1397,62.1
ORG-MNC-005,2026-05,15.38,10.17,75.2,0.059,0.1301,60.7
ORG-MNC-005,2026-06,16.41,9.07,82.0,0.0453,0.1346,50.5
ORG-MIDSIZE-007,2025-07,14.44,8.93,78.0,0.0497,0.1368,67.1
ORG-MIDSIZE-007,2025-08,17.1,8.85,73.0,0.0574,0.1363,60.6
ORG-MIDSIZE-007,2025-09,15.78,9.87,76.9,0.0558,0.1243,67.1
ORG-MIDSIZE-007,2025-10,13.72,9.07,70.1,0.0552,0.1139,63.8
ORG-MIDSIZE-007,2025-11,15.45,7.52,77.1,0.0515,0.1212,63.3
ORG-MIDSIZE-007,2025-12,17.22,8.82,82.3,0.0622,0.1278,62.6
ORG-MIDSIZE-007,2026-01,15.21,8.46,79.5,0.0532,0.1372,59.7
ORG-MIDSIZE-007,2026-02,15.53,8.97,77.8,0.0643,0.1247,61.0
ORG-MIDSIZE-007,2026-03,14.67,9.74,70.2,0.0554,0.1427,67.2
ORG-MIDSIZE-007,2026-04,13.58,7.4,67.6,0.0616,0.1268,64.9
ORG-MIDSIZE-007,2026-05,15.92,9.15,71.9,0.0621,0.1277,64.9
ORG-MIDSIZE-007,2026-06,14.57,8.97,79.3,0.0495,0.1487,65.2
ORG-MIDSIZE-016,2025-07,15.36,5.77,79.9,0.0683,0.1215,68.8
ORG-MIDSIZE-016,2025-08,14.25,9.31,82.7,0.0551,0.1386,55.5
ORG-MIDSIZE-016,2025-09,16.16,10.45,68.7,0.0514,0.1364,67.9
ORG-MIDSIZE-016,2025-10,18.87,8.14,77.8,0.062,0.1216,64.3
ORG-MIDSIZE-016,2025-11,15.43,8.84,83.0,0.0572,0.1341,63.3
ORG-MIDSIZE-016,2025-12,16.12,7.19,86.9,0.0561,0.1256,64.2
ORG-MIDSIZE-016,2026-01,17.16,8.14,78.9,0.0562,0.1257,57.7
ORG-MIDSIZE-016,2026-02,14.4,7.39,75.6,0.0476,0.1478,58.5
ORG-MIDSIZE-016,2026-03,17.2,8.35,73.5,0.0624,0.1325,66.8
ORG-MIDSIZE-016,2026-04,14.01,9.79,77.0,0.0468,0.1309,65.3
ORG-MIDSIZE-016,2026-05,17.1,8.69,76.8,0.0561,0.1354,60.3
ORG-MIDSIZE-016,2026-06,16.42,8.15,78.4,0.0653,0.1337,67.3
ORG-STARTUP-014,2025-07,15.18,8.15,71.0,0.0553,0.125,61.9
ORG-STARTUP-014,2025-08,15.87,8.29,89.6,0.0562,0.1284,64.1
ORG-STARTUP-014,2025-09,14.91,10.18,75.7,0.0496,0.1167,67.4
ORG-STARTUP-014,2025-10,13.89,7.08,73.5,0.0475,0.1316,59.2
ORG-STARTUP-014,2025-11,15.05,9.02,70.5,0.0598,0.1347,65.5
ORG-STARTUP-014,2025-12,15.9,9.4,85.5,0.0625,0.1421,63.3
ORG-STARTUP-014,2026-01,14.28,9.34,78.3,0.0691,0.1434,61.1
ORG-STARTUP-014,2026-02,16.26,9.99,64.8,0.0566,0.1169,66.8
ORG-STARTUP-014,2026-03,13.49,8.7,80.5,0.0551,0.138,64.2
ORG-STARTUP-014,2026-04,15.76,8.03,85.7,0.0592,0.1266,59.4
ORG-STARTUP-014,2026-05,17.37,8.39,67.6,0.0585,0.1157,56.1
ORG-STARTUP-014,2026-06,15.65,9.1,77.0,0.0573,0.134,58.1
ORG-MNC-016,2025-07,15.97,9.41,66.3,0.0473,0.1246,64.8
ORG-MNC-016,2025-08,14.46,9.68,83.0,0.0498,0.1234,59.9
ORG-MNC-016,2025-09,14.75,6.76,75.5,0.0622,0.1308,63.5
ORG-MNC-016,2025-10,15.4,7.71,72.6,0.0604,0.1289,65.7
ORG-MNC-016,2025-11,16.82,9.09,75.6,0.0566,0.1414,64.9
ORG-MNC-016,2025-12,17.19,9.29,80.7,0.0542,0.1399,57.7
ORG-MNC-016,2026-01,13.79,8.95,68.6,0.0627,0.1227,60.0
ORG-MNC-016,2026-02,14.85,7.79,71.9,0.0497,0.1301,58.3
ORG-MNC-016,2026-03,16.08,8.78,75.4,0.0558,0.1144,61.5
ORG-MNC-016,2026-04,14.06,7.73,72.5,0.06,0.1206,64.9
ORG-MNC-016,2026-05,14.84,9.04,81.1,0.0622,0.1299,55.7
ORG-MNC-016,2026-06,16.28,9.22,72.4,0.059,0.1219,63.6
ORG-MNC-001,2025-07,15.92,6.54,66.6,0.0623,0.1188,63.9
ORG-MNC-001,2025-08,13.18,8.01,67.9,0.0496,0.1277,60.1
ORG-MNC-001,2025-09,13.92,7.79,75.3,0.0545,0.1206,65.2
ORG-MNC-001,2025-10,16.35,7.88,73.3,0.0602,0.1237,60.9
ORG-MNC-001,2025-11,15.1,8.17,83.1,0.0631,0.1167,60.0
ORG-MNC-001,2025-12,17.47,6.11,82.7,0.0428,0.1388,57.0
ORG-MNC-001,2026-01,16.71,10.09,78.0,0.0532,0.1184,60.9
ORG-MNC-001,2026-02,16.54,9.41,76.5,0.0562,0.1321,56.6
ORG-MNC-001,2026-03,13.52,8.29,70.4,0.0548,0.1258,70.3
ORG-MNC-001,2026-04,14.7,9.31,75.4,0.0504,0.1246,55.6
ORG-MNC-001,2026-05,17.59,8.86,71.9,0.0564,0.1342,61.0
ORG-MNC-001,2026-06,14.53,9.87,69.7,0.063,0.1261,57.0
ORG-STARTUP-005,2025-07,13.23,6.54,72.2,0.0525,0.1247,59.5
ORG-STARTUP-005,2025-08,13.25,9.08,62.7,0.056,0.1188,66.7
ORG-STARTUP-005,2025-09,12.15,7.83,77.2,0.0577,0.1285,58.3
ORG-STARTUP-005,2025-10,14.53,10.99,81.3,0.0574,0.1315,55.7
ORG-STARTUP-005,2025-11,16.62,9.47,71.7,0.0514,0.1334,63.1
ORG-STARTUP-005,2025-12,15.66,7.87,80.2,0.0555,0.1257,61.2
ORG-STARTUP-005,2026-01,15.36,8.36,79.4,0.0531,0.1042,66.3
ORG-STARTUP-005,2026-02,14.83,8.26,67.4,0.0505,0.129,69.4
ORG-STARTUP-005,2026-03,15.66,10.11,68.9,0.0455,0.1226,56.0
ORG-STARTUP-005,2026-04,14.68,9.74,75.0,0.0653,0.1229,60.1
ORG-STARTUP-005,2026-05,14.69,10.08,70.6,0.0604,0.1302,63.4
ORG-STARTUP-005,2026-06,15.91,7.96,71.3,0.0638,0.13,64.0
ORG-LARGE-001,2025-07,15.25,6.77,69.5,0.05,0.1246,66.0
ORG-LARGE-001,2025-08,14.88,8.82,84.5,0.0496,0.1209,62.3
ORG-LARGE-001,2025-09,14.98,7.85,78.2,0.0545,0.123,61.2
ORG-LARGE-001,2025-10,14.53,9.61,77.4,0.0495,0.1198,59.9
ORG-LARGE-001,2025-11,17.48,8.69,74.3,0.0648,0.1162,56.2
ORG-LARGE-001,2025-12,15.33,11.23,78.5,0.0613,0.1304,61.9
ORG-LARGE-001,2026-01,16.26,9.22,77.4,0.0548,0.1287,66.1
ORG-LARGE-001,2026-02,15.18,8.07,77.2,0.0648,0.1145,70.2
ORG-LARGE-001,2026-03,16.18,8.6,77.4,0.0508,0.1412,65.1
ORG-LARGE-001,2026-04,15.29,8.61,78.1,0.0598,0.1432,56.4
ORG-LARGE-001,2026-05,16.33,9.8,73.2,0.0702,0.1258,64.4
ORG-LARGE-001,2026-06,15.69,8.64,75.8,0.0712,0.133,63.1
ORG-LARGE-020,2025-07,14.97,9.15,77.4,0.0591,0.1275,57.3
ORG-LARGE-020,2025-08,13.69,11.34,78.6,0.049,0.1187,64.1
ORG-LARGE-020,2025-09,17.03,9.04,70.9,0.0565,0.105,63.3
ORG-LARGE-020,2025-10,14.12,7.66,73.4,0.0534,0.1314,58.7
ORG-LARGE-020,2025-11,18.19,9.15,82.3,0.0552,0.1416,57.8
ORG-LARGE-020,2025-12,17.2,9.99,76.6,0.0494,0.1271,64.1
ORG-LARGE-020,2026-01,14.81,7.55,82.8,0.0531,0.1397,60.9
ORG-LARGE-020,2026-02,14.39,8.78,73.7,0.0538,0.1245,61.3
ORG-LARGE-020,2026-03,14.51,7.26,73.2,0.0451,0.1256,75.1
ORG-LARGE-020,2026-04,17.04,9.23,77.4,0.0567,0.117,65.9
ORG-LARGE-020,2026-05,14.6,8.46,81.6,0.0593,0.1298,64.5
ORG-LARGE-020,2026-06,16.87,8.69,78.2,0.0555,0.1355,64.5
ORG-MNC-002,2025-07,14.78,9.35,76.1,0.0532,0.1336,54.2
ORG-MNC-002,2025-08,12.93,9.95,74.9,0.0577,0.1319,58.2
ORG-MNC-002,2025-09,13.94,9.18,78.8,0.0525,0.121,67.4
ORG-MNC-002,2025-10,14.5,7.75,65.9,0.0575,0.1172,62.6
ORG-MNC-002,2025-11,17.29,10.02,62.1,0.0634,0.1003,58.8
ORG-MNC-002,2025-12,15.28,11.37,74.5,0.0694,0.1339,60.4
ORG-MNC-002,2026-01,17.02,9.23,72.3,0.0533,0.1155,56.2
ORG-MNC-002,2026-02,14.36,8.59,80.5,0.0535,0.1196,60.5
ORG-MNC-002,2026-03,16.9,8.17,74.9,0.0574,0.1283,63.4
ORG-MNC-002,2026-04,15.16,8.42,69.6,0.0518,0.1166,65.0
ORG-MNC-002,2026-05,14.28,8.7,82.7,0.0537,0.1148,65.8
ORG-MNC-002,2026-06,17.92,8.82,78.5,0.0673,0.1229,63.6
ORG-MNC-006,2025-07,15.63,9.67,70.0,0.0464,0.1294,60.9
ORG-MNC-006,2025-08,15.19,8.72,76.6,0.0577,0.1211,61.3
ORG-MNC-006,2025-09,16.53,9.03,78.1,0.0578,0.1361,59.5
ORG-MNC-006,2025-10,14.05,9.08,66.7,0.0539,0.1358,64.6
ORG-MNC-006,2025-11,15.46,7.53,76.5,0.0673,0.1214,60.8
ORG-MNC-006,2025-12,15.24,8.98,78.5,0.0555,0.1383,64.2
ORG-MNC-006,2026-01,14.58,8.92,71.4,0.0585,0.1299,69.8
ORG-MNC-006,2026-02,15.64,7.74,71.7,0.0616,0.1351,64.8
ORG-MNC-006,2026-03,17.35,10.43,80.6,0.0509,0.1249,66.2
ORG-MNC-006,2026-04,15.53,8.02,77.2,0.0499,0.1315,59.9
ORG-MNC-006,2026-05,19.01,8.69,75.9,0.0477,0.1289,53.9
ORG-MNC-006,2026-06,15.51,8.49,81.6,0.0602,0.1013,51.9
ORG-STARTUP-009,2025-07,12.72,9.41,72.6,0.059,0.1212,71.5
ORG-STARTUP-009,2025-08,12.86,9.79,79.1,0.0545,0.1123,62.8
ORG-STARTUP-009,2025-09,14.24,8.91,74.2,0.0493,0.1254,61.4
ORG-STARTUP-009,2025-10,14.39,8.21,75.2,0.0673,0.1268,61.9
ORG-STARTUP-009,2025-11,17.62,9.44,79.4,0.0686,0.1242,67.2
ORG-STARTUP-009,2025-12,15.97,9.48,84.2,0.0566,0.1183,56.8
ORG-STARTUP-009,2026-01,16.23,8.35,80.4,0.062,0.1331,54.7
ORG-STARTUP-009,2026-02,16.13,9.39,73.4,0.0691,0.1264,68.5
ORG-STARTUP-009,2026-03,15.09,8.75,67.5,0.0517,0.1397,63.1
ORG-STARTUP-009,2026-04,14.84,7.84,66.0,0.0585,0.1204,56.8
ORG-STARTUP-009,2026-05,16.89,10.26,75.0,0.0556,0.1354,54.5
ORG-STARTUP-009,2026-06,14.97,8.85,75.6,0.0523,0.1216,58.4
ORG-LARGE-007,2025-07,15.73,8.26,69.3,0.0614,0.13,69.5
ORG-LARGE-007,2025-08,15.7,8.37,72.7,0.0527,0.1224,63.1
ORG-LARGE-007,2025-09,16.34,8.38,72.1,0.0518,0.1274,64.2
ORG-LARGE-007,2025-10,14.82,11.24,71.3,0.0578,0.1196,71.4
ORG-LARGE-007,2025-11,15.73,8.06,74.3,0.0524,0.1067,64.6
ORG-LARGE-007,2025-12,15.07,9.17,84.8,0.0549,0.1209,65.9
ORG-LARGE-007,2026-01,16.39,8.54,74.1,0.0549,0.1296,64.2
ORG-LARGE-007,2026-02,16.27,9.45,75.9,0.0494,0.1137,67.9
ORG-LARGE-007,2026-03,12.62,10.82,81.7,0.0453,0.1114,64.8
ORG-LARGE-007,2026-04,17.67,9.16,72.5,0.0551,0.1344,57.7
ORG-LARGE-007,2026-05,17.0,10.26,81.6,0.0555,0.1237,61.3
ORG-LARGE-007,2026-06,16.02,9.18,72.4,0.0503,0.1409,60.5
ORG-MNC-009,2025-07,15.03,8.52,80.5,0.0597,0.1257,63.0
ORG-MNC-009,2025-08,15.23,9.5,78.0,0.0402,0.1401,64.6
ORG-MNC-009,2025-09,15.85,9.25,71.9,0.0496,0.115,58.4
ORG-MNC-009,2025-10,17.53,6.39,75.7,0.0582,0.1229,64.3
ORG-MNC-009,2025-11,14.79,8.73,81.9,0.0642,0.1278,70.0
ORG-MNC-009,2025-12,15.79,8.61,79.5,0.0659,0.1284,64.0
ORG-MNC-009,2026-01,16.2,7.35,86.3,0.0436,0.1437,55.1
ORG-MNC-009,2026-02,14.29,9.75,70.8,0.056,0.1344,62.5
ORG-MNC-009,2026-03,16.48,10.34,74.2,0.0514,0.1309,56.8
ORG-MNC-009,2026-04,16.2,9.08,86.1,0.0601,0.1194,60.1
ORG-MNC-009,2026-05,17.66,8.23,74.7,0.0593,0.1331,52.8
ORG-MNC-009,2026-06,15.87,10.08,69.2,0.0601,0.1238,62.8
ORG-MIDSIZE-027,2025-07,16.65,9.08,73.1,0.0488,0.1395,57.5
ORG-MIDSIZE-027,2025-08,13.14,8.6,74.8,0.0596,0.1266,67.5
ORG-MIDSIZE-027,2025-09,14.02,7.9,72.8,0.0602,0.1356,67.7
ORG-MIDSIZE-027,2025-10,16.5,8.99,83.1,0.0574,0.1161,54.7
ORG-MIDSIZE-027,2025-11,15.64,8.05,83.9,0.0598,0.1234,58.1
ORG-MIDSIZE-027,2025-12,12.98,11.26,76.3,0.0617,0.1328,63.9
ORG-MIDSIZE-027,2026-01,15.92,10.27,82.1,0.0512,0.1179,63.3
ORG-MIDSIZE-027,2026-02,14.95,11.33,74.7,0.0589,0.1256,66.9
ORG-MIDSIZE-027,2026-03,17.39,9.78,73.2,0.0578,0.1309,61.4
ORG-MIDSIZE-027,2026-04,18.02,8.51,75.1,0.0603,0.1331,57.4
ORG-MIDSIZE-027,2026-05,16.95,9.42,79.2,0.0545,0.1291,66.9
ORG-MIDSIZE-027,2026-06,17.66,9.03,68.5,0.0593,0.1208,59.4
ORG-MIDSIZE-018,2025-07,15.62,9.63,64.9,0.0494,0.1272,59.9
ORG-MIDSIZE-018,2025-08,14.3,8.32,76.1,0.055,0.1183,67.8
ORG-MIDSIZE-018,2025-09,14.42,8.53,75.7,0.0597,0.1303,62.0
ORG-MIDSIZE-018,2025-10,16.64,7.58,80.8,0.0626,0.1282,60.0
ORG-MIDSIZE-018,2025-11,15.83,8.64,72.9,0.0565,0.1255,55.6
ORG-MIDSIZE-018,2025-12,15.44,9.59,79.5,0.055,0.1171,68.1
ORG-MIDSIZE-018,2026-01,16.6,8.42,71.6,0.055,0.1284,61.6
ORG-MIDSIZE-018,2026-02,14.06,8.34,72.8,0.0619,0.135,61.7
ORG-MIDSIZE-018,2026-03,14.83,9.94,74.3,0.0542,0.1433,65.9
ORG-MIDSIZE-018,2026-04,15.38,7.1,76.2,0.0652,0.1217,79.2
ORG-MIDSIZE-018,2026-05,15.03,8.08,81.9,0.0542,0.1279,72.2
ORG-MIDSIZE-018,2026-06,15.36,7.95,74.3,0.0754,0.131,56.6
ORG-STARTUP-015,2025-07,13.86,9.53,72.1,0.0567,0.1325,67.0
ORG-STARTUP-015,2025-08,16.1,8.12,60.1,0.0526,0.1131,59.3
ORG-STARTUP-015,2025-09,14.0,8.05,67.0,0.043,0.1277,63.1
ORG-STARTUP-015,2025-10,15.1,9.57,77.1,0.0434,0.1262,60.1
ORG-STARTUP-015,2025-11,17.63,8.87,83.3,0.0484,0.1352,65.7
ORG-STARTUP-015,2025-12,16.92,8.32,83.0,0.0572,0.1326,60.1
ORG-STARTUP-015,2026-01,16.65,7.29,75.3,0.0525,0.1185,62.8
ORG-STARTUP-015,2026-02,16.58,7.1,73.0,0.0458,0.1155,58.5
ORG-STARTUP-015,2026-03,14.44,8.96,80.4,0.0518,0.1303,64.3
ORG-STARTUP-015,2026-04,14.94,8.88,72.3,0.0462,0.1253,64.2
ORG-STARTUP-015,2026-05,15.15,9.54,81.0,0.0552,0.1271,62.3
ORG-STARTUP-015,2026-06,17.46,9.44,74.8,0.0577,0.1387,60.7
ORG-MIDSIZE-011,2025-07,16.06,9.06,70.0,0.0573,0.1336,60.1
ORG-MIDSIZE-011,2025-08,15.96,9.01,64.8,0.0518,0.1228,69.4
ORG-MIDSIZE-011,2025-09,14.22,7.7,79.7,0.0576,0.1319,60.3
ORG-MIDSIZE-011,2025-10,13.96,10.1,63.2,0.0559,0.1421,67.4
ORG-MIDSIZE-011,2025-11,17.81,6.7,86.6,0.0547,0.1247,61.2
ORG-MIDSIZE-011,2025-12,14.54,9.75,74.1,0.0553,0.1217,63.2
ORG-MIDSIZE-011,2026-01,15.52,8.56,75.8,0.0556,0.1226,65.9
ORG-MIDSIZE-011,2026-02,14.43,7.87,68.4,0.06,0.1476,61.8
ORG-MIDSIZE-011,2026-03,16.35,8.7,79.2,0.0607,0.1226,60.7
ORG-MIDSIZE-011,2026-04,16.33,10.28,72.5,0.0547,0.1192,62.1
ORG-MIDSIZE-011,2026-05,16.06,8.46,77.3,0.0662,0.1251,51.5
ORG-MIDSIZE-011,2026-06,14.27,9.02,76.7,0.0635,0.142,52.5
ORG-LARGE-015,2025-07,16.36,9.34,70.4,0.0545,0.1228,64.7
ORG-LARGE-015,2025-08,15.34,9.67,70.3,0.0493,0.1262,62.6
ORG-LARGE-015,2025-09,14.31,7.7,70.1,0.0545,0.1128,54.3
ORG-LARGE-015,2025-10,17.37,9.76,75.0,0.0529,0.1269,60.2
ORG-LARGE-015,2025-11,17.17,8.38,76.4,0.0574,0.1238,62.5
ORG-LARGE-015,2025-12,17.23,8.29,74.6,0.0521,0.1336,65.8
ORG-LARGE-015,2026-01,16.48,9.26,79.4,0.0628,0.1164,63.3
ORG-LARGE-015,2026-02,16.08,9.65,74.5,0.0609,0.1241,62.0
ORG-LARGE-015,2026-03,14.58,7.78,65.2,0.0509,0.1323,61.3
ORG-LARGE-015,2026-04,16.59,8.51,70.9,0.0587,0.1324,59.3
ORG-LARGE-015,2026-05,15.4,7.27,71.9,0.0574,0.1206,56.4
ORG-LARGE-015,2026-06,15.13,8.21,76.4,0.0541,0.1196,55.0
ORG-MIDSIZE-020,2025-07,16.44,8.21,74.3,0.0406,0.1203,66.1
ORG-MIDSIZE-020,2025-08,16.63,8.87,69.0,0.0521,0.1195,61.7
ORG-MIDSIZE-020,2025-09,14.79,7.68,75.8,0.046,0.1242,64.7
ORG-MIDSIZE-020,2025-10,16.03,8.43,78.7,0.0523,0.1321,64.7
ORG-MIDSIZE-020,2025-11,16.86,8.28,77.2,0.0567,0.1412,60.2
ORG-MIDSIZE-020,2025-12,13.06,9.34,69.5,0.0509,0.1246,61.5
ORG-MIDSIZE-020,2026-01,15.27,8.1,65.2,0.0703,0.1256,59.2
ORG-MIDSIZE-020,2026-02,13.54,9.24,74.9,0.0637,0.1236,63.4
ORG-MIDSIZE-020,2026-03,15.29,8.35,80.4,0.0421,0.125,61.0
ORG-MIDSIZE-020,2026-04,16.79,8.12,72.1,0.0575,0.1259,53.3
ORG-MIDSIZE-020,2026-05,18.03,8.89,77.4,0.0617,0.1103,54.9
ORG-MIDSIZE-020,2026-06,16.18,8.54,62.0,0.0683,0.1365,70.2
ORG-STARTUP-018,2025-07,17.38,8.29,73.7,0.047,0.1354,62.3
ORG-STARTUP-018,2025-08,16.12,9.36,77.9,0.048,0.1325,62.4
ORG-STARTUP-018,2025-09,16.86,9.85,76.8,0.0521,0.1239,64.0
ORG-STARTUP-018,2025-10,16.37,8.01,72.1,0.0498,0.1299,67.6
ORG-STARTUP-018,2025-11,16.25,9.26,79.5,0.058,0.1288,62.0
ORG-STARTUP-018,2025-12,15.7,7.76,76.2,0.0539,0.1283,63.2
ORG-STARTUP-018,2026-01,15.86,9.11,72.6,0.0496,0.1272,64.8
ORG-STARTUP-018,2026-02,16.96,10.1,65.6,0.0591,0.1267,61.0
ORG-STARTUP-018,2026-03,18.58,8.75,76.5,0.056,0.134,59.8
ORG-STARTUP-018,2026-04,16.87,7.83,78.8,0.0599,0.124,62.5
ORG-STARTUP-018,2026-05,15.63,8.98,69.7,0.0616,0.1398,62.3
ORG-STARTUP-018,2026-06,14.99,9.99,67.5,0.056,0.1151,65.0
ORG-MIDSIZE-002,2025-07,16.21,9.83,77.5,0.0589,0.1202,58.4
ORG-MIDSIZE-002,2025-08,14.59,8.14,71.2,0.0364,0.1314,67.4
ORG-MIDSIZE-002,2025-09,16.83,8.63,71.5,0.0648,0.1276,65.6
ORG-MIDSIZE-002,2025-10,14.96,8.84,73.1,0.0514,0.1312,62.4
ORG-MIDSIZE-002,2025-11,15.52,9.42,80.4,0.0553,0.1194,60.9
ORG-MIDSIZE-002,2025-12,16.0,10.65,68.9,0.0598,0.1325,59.8
ORG-MIDSIZE-002,2026-01,16.16,8.38,71.9,0.0585,0.1251,64.8
ORG-MIDSIZE-002,2026-02,16.16,9.11,74.9,0.0634,0.1448,56.3
ORG-MIDSIZE-002,2026-03,14.17,8.84,77.5,0.0534,0.1196,63.8
ORG-MIDSIZE-002,2026-04,15.08,9.95,83.3,0.0585,0.1175,60.0
ORG-MIDSIZE-002,2026-05,14.3,7.79,66.8,0.0438,0.1152,60.6
ORG-MIDSIZE-002,2026-06,15.53,9.95,84.4,0.0506,0.1344,69.4
ORG-MNC-013,2025-07,14.47,8.26,70.7,0.0597,0.1181,66.3
ORG-MNC-013,2025-08,17.3,7.16,74.2,0.0544,0.1218,73.9
ORG-MNC-013,2025-09,15.18,9.71,70.3,0.0446,0.1155,64.1
ORG-MNC-013,2025-10,16.15,8.16,71.0,0.0651,0.1213,61.5
ORG-MNC-013,2025-11,15.44,10.37,83.8,0.065,0.1405,63.0
ORG-MNC-013,2025-12,14.84,8.4,76.4,0.0588,0.1262,59.2
ORG-MNC-013,2026-01,15.19,9.55,71.1,0.0634,0.1254,67.5
ORG-MNC-013,2026-02,15.82,8.7,78.8,0.058,0.1312,65.6
ORG-MNC-013,2026-03,14.6,8.47,62.1,0.0507,0.131,60.6
ORG-MNC-013,2026-04,15.89,9.56,77.1,0.0562,0.1282,60.3
ORG-MNC-013,2026-05,15.12,8.4,76.0,0.0499,0.1089,62.0
ORG-MNC-013,2026-06,15.47,8.73,82.6,0.058,0.114,56.3
ORG-MIDSIZE-017,2025-07,14.79,8.28,66.7,0.0411,0.1337,55.3
ORG-MIDSIZE-017,2025-08,16.13,9.21,73.3,0.0567,0.1261,62.1
ORG-MIDSIZE-017,2025-09,15.54,9.38,61.0,0.0598,0.1208,69.5
ORG-MIDSIZE-017,2025-10,17.6,9.32,80.6,0.0597,0.1282,72.0
ORG-MIDSIZE-017,2025-11,14.95,10.86,74.6,0.0488,0.1201,56.7
ORG-MIDSIZE-017,2025-12,16.82,7.66,67.2,0.0533,0.1164,60.1
ORG-MIDSIZE-017,2026-01,16.87,8.32,67.4,0.0463,0.1324,54.7
ORG-MIDSIZE-017,2026-02,14.76,7.24,66.5,0.0435,0.1186,62.6
ORG-MIDSIZE-017,2026-03,14.01,7.86,75.5,0.0449,0.124,58.6
ORG-MIDSIZE-017,2026-04,12.26,9.06,81.0,0.0468,0.1244,60.6
ORG-MIDSIZE-017,2026-05,17.31,11.57,75.4,0.0619,0.1229,60.5
ORG-MIDSIZE-017,2026-06,16.01,10.59,64.6,0.0616,0.1278,59.3
ORG-MIDSIZE-025,2025-07,14.63,8.83,75.5,0.0475,0.1234,62.2
ORG-MIDSIZE-025,2025-08,15.85,6.68,71.8,0.0493,0.1183,63.5
ORG-MIDSIZE-025,2025-09,16.4,7.42,69.2,0.0604,0.1207,57.0
ORG-MIDSIZE-025,2025-10,17.08,8.13,78.4,0.053,0.1333,62.1
ORG-MIDSIZE-025,2025-11,16.6,7.42,73.1,0.0534,0.1295,63.9
ORG-MIDSIZE-025,2025-12,15.45,7.92,74.7,0.0462,0.1231,59.7
ORG-MIDSIZE-025,2026-01,14.93,7.74,80.7,0.0665,0.1286,53.7
ORG-MIDSIZE-025,2026-02,13.72,7.5,71.5,0.058,0.1197,59.2
ORG-MIDSIZE-025,2026-03,16.4,7.17,71.5,0.0448,0.1168,62.6
ORG-MIDSIZE-025,2026-04,14.82,8.57,85.5,0.06,0.1197,66.2
ORG-MIDSIZE-025,2026-05,15.91,8.18,84.1,0.0648,0.1262,64.8
ORG-MIDSIZE-025,2026-06,15.93,9.02,75.2,0.0589,0.1305,58.4
ORG-STARTUP-016,2025-07,14.2,7.97,69.2,0.0548,0.1196,63.5
ORG-STARTUP-016,2025-08,15.43,9.4,77.4,0.0416,0.1249,67.3
ORG-STARTUP-016,2025-09,13.85,9.71,80.0,0.0599,0.1325,68.7
ORG-STARTUP-016,2025-10,16.52,10.38,69.0,0.0469,0.1309,61.5
ORG-STARTUP-016,2025-11,14.97,10.44,78.6,0.0663,0.1278,64.2
ORG-STARTUP-016,2025-12,16.09,9.14,87.3,0.0563,0.1276,66.9
ORG-STARTUP-016,2026-01,14.6,7.12,74.1,0.0573,0.1315,56.8
ORG-STARTUP-016,2026-02,16.11,10.39,76.3,0.0568,0.1397,70.3
ORG-STARTUP-016,2026-03,14.77,7.13,76.0,0.0542,0.1249,70.4
ORG-STARTUP-016,2026-04,15.32,9.73,77.1,0.0527,0.1249,71.1
ORG-STARTUP-016,2026-05,16.14,9.84,75.9,0.0579,0.1207,64.0
ORG-STARTUP-016,2026-06,14.25,8.03,75.0,0.07,0.1308,60.9
ORG-MIDSIZE-015,2025-07,16.7,10.47,71.4,0.0683,0.1251,61.1
ORG-MIDSIZE-015,2025-08,17.08,7.14,74.9,0.0593,0.1162,68.9
ORG-MIDSIZE-015,2025-09,17.67,7.76,77.0,0.0592,0.1284,58.2
ORG-MIDSIZE-015,2025-10,15.14,8.7,80.0,0.0522,0.135,61.6
ORG-MIDSIZE-015,2025-11,16.52,6.96,73.6,0.0599,0.1189,64.3
ORG-MIDSIZE-015,2025-12,18.06,9.5,75.7,0.0455,0.1415,60.6
ORG-MIDSIZE-015,2026-01,16.07,8.84,77.3,0.0561,0.1355,61.4
ORG-MIDSIZE-015,2026-02,15.54,9.61,72.3,0.047,0.1271,63.4
ORG-MIDSIZE-015,2026-03,17.67,8.01,76.1,0.0523,0.1238,65.6
ORG-MIDSIZE-015,2026-04,15.09,8.81,78.1,0.0511,0.1239,61.8
ORG-MIDSIZE-015,2026-05,16.17,9.77,77.4,0.0633,0.1368,67.2
ORG-MIDSIZE-015,2026-06,15.18,8.55,71.2,0.0584,0.131,56.4
ORG-MNC-015,2025-07,14.93,8.89,82.6,0.0611,0.1327,71.4
ORG-MNC-015,2025-08,14.86,7.96,78.1,0.0521,0.1196,62.5
ORG-MNC-015,2025-09,15.19,9.02,73.9,0.0567,0.1324,69.8
ORG-MNC-015,2025-10,13.62,7.63,74.5,0.061,0.1239,65.5
ORG-MNC-015,2025-11,15.61,8.32,78.0,0.061,0.1247,64.9
ORG-MNC-015,2025-12,16.25,10.32,79.0,0.0618,0.1361,61.6
ORG-MNC-015,2026-01,17.0,9.03,75.5,0.0609,0.1231,69.7
ORG-MNC-015,2026-02,16.93,6.95,67.6,0.0516,0.1294,62.7
ORG-MNC-015,2026-03,14.37,7.88,76.6,0.0616,0.118,67.5
ORG-MNC-015,2026-04,17.01,8.95,72.0,0.0496,0.1324,64.6
ORG-MNC-015,2026-05,14.07,10.47,82.0,0.0575,0.1032,63.8
ORG-MNC-015,2026-06,16.3,8.95,71.9,0.0686,0.1125,57.4
ORG-STARTUP-008,2025-07,15.76,10.03,73.6,0.0504,0.1237,62.5
ORG-STARTUP-008,2025-08,15.98,8.04,64.9,0.0513,0.1241,63.8
ORG-STARTUP-008,2025-09,14.44,9.03,68.6,0.0541,0.1225,63.4
ORG-STARTUP-008,2025-10,17.51,8.44,72.0,0.0597,0.1251,61.1
ORG-STARTUP-008,2025-11,10.81,10.21,74.8,0.0586,0.1036,64.0
ORG-STARTUP-008,2025-12,13.91,8.92,79.5,0.0552,0.1445,60.4
ORG-STARTUP-008,2026-01,15.29,8.5,72.6,0.0515,0.1311,58.4
ORG-STARTUP-008,2026-02,13.2,8.39,72.8,0.0621,0.1176,67.2
ORG-STARTUP-008,2026-03,13.69,9.4,81.5,0.0594,0.128,59.4
ORG-STARTUP-008,2026-04,15.19,10.09,72.7,0.0492,0.1344,60.9
ORG-STARTUP-008,2026-05,15.76,6.34,69.4,0.0643,0.1296,60.3
ORG-STARTUP-008,2026-06,14.93,7.43,72.3,0.0591,0.1141,62.0
ORG-STARTUP-007,2025-07,13.89,9.5,81.9,0.0544,0.131,59.4
ORG-STARTUP-007,2025-08,16.17,8.59,77.6,0.057,0.1153,69.5
ORG-STARTUP-007,2025-09,16.27,9.47,70.1,0.049,0.122,66.7
ORG-STARTUP-007,2025-10,16.79,9.49,74.0,0.0514,0.1221,66.7
ORG-STARTUP-007,2025-11,15.6,7.85,74.1,0.0577,0.1238,60.7
ORG-STARTUP-007,2025-12,15.26,9.56,74.8,0.0624,0.1255,61.0
ORG-STARTUP-007,2026-01,16.99,7.87,78.0,0.0572,0.1134,51.3
ORG-STARTUP-007,2026-02,15.43,8.11,73.1,0.0495,0.1223,67.7
ORG-STARTUP-007,2026-03,12.94,9.17,62.0,0.0568,0.1226,60.1
ORG-STARTUP-007,2026-04,15.09,11.38,73.2,0.0563,0.1313,63.0
ORG-STARTUP-007,2026-05,14.49,10.17,71.1,0.0504,0.1353,66.4
ORG-STARTUP-007,2026-06,17.73,9.93,78.8,0.0568,0.1256,56.9
ORG-MIDSIZE-010,2025-07,15.56,8.98,74.6,0.0342,0.1314,66.6
ORG-MIDSIZE-010,2025-08,14.22,10.34,76.9,0.0453,0.1126,62.1
ORG-MIDSIZE-010,2025-09,14.46,8.32,73.7,0.0639,0.1233,59.9
ORG-MIDSIZE-010,2025-10,15.66,7.53,73.5,0.0544,0.1198,67.9
ORG-MIDSIZE-010,2025-11,14.36,8.17,73.5,0.0528,0.1228,65.6
ORG-MIDSIZE-010,2025-12,16.2,9.72,75.2,0.0665,0.124,65.7
ORG-MIDSIZE-010,2026-01,16.29,10.57,72.9,0.0592,0.1384,60.9
ORG-MIDSIZE-010,2026-02,13.78,7.96,74.8,0.0477,0.1243,64.7
ORG-MIDSIZE-010,2026-03,16.42,9.11,73.9,0.0605,0.1112,62.8
ORG-MIDSIZE-010,2026-04,14.32,10.21,73.9,0.0555,0.1173,65.0
ORG-MIDSIZE-010,2026-05,15.17,10.7,81.4,0.0627,0.1482,63.9
ORG-MIDSIZE-010,2026-06,17.21,7.9,88.5,0.0615,0.1321,61.4
ORG-MNC-019,2025-07,14.06,8.27,67.7,0.0492,0.1151,59.6
ORG-MNC-019,2025-08,14.94,9.48,73.5,0.0508,0.1182,55.5
ORG-MNC-019,2025-09,14.38,7.44,82.6,0.0669,0.1207,57.5
ORG-MNC-019,2025-10,15.47,8.59,79.5,0.0633,0.1294,63.4
ORG-MNC-019,2025-11,17.3,8.8,76.2,0.0497,0.1223,70.4
ORG-MNC-019,2025-12,16.48,6.83,77.6,0.0515,0.1157,60.9
ORG-MNC-019,2026-01,16.33,10.79,69.0,0.0601,0.1217,56.1
ORG-MNC-019,2026-02,16.46,9.09,78.0,0.054,0.1253,63.1
ORG-MNC-019,2026-03,15.61,8.57,82.9,0.0614,0.1289,61.6
ORG-MNC-019,2026-04,15.61,6.99,76.1,0.0658,0.1241,56.4
ORG-MNC-019,2026-05,16.83,8.83,83.0,0.0583,0.115,66.8
ORG-MNC-019,2026-06,13.86,8.77,74.3,0.0514,0.1096,66.6
ORG-LARGE-017,2025-07,13.16,7.25,75.7,0.0547,0.1182,65.7
ORG-LARGE-017,2025-08,14.48,9.87,78.0,0.036,0.1256,70.2
ORG-LARGE-017,2025-09,16.65,10.23,79.7,0.055,0.1311,64.3
ORG-LARGE-017,2025-10,15.85,8.61,82.2,0.0557,0.1261,57.8
ORG-LARGE-017,2025-11,15.66,8.57,81.3,0.0483,0.1264,63.7
ORG-LARGE-017,2025-12,15.29,8.68,74.5,0.0629,0.1192,66.1
ORG-LARGE-017,2026-01,15.71,8.79,78.1,0.048,0.116,66.8
ORG-LARGE-017,2026-02,13.32,6.75,75.5,0.0654,0.1318,61.8
ORG-LARGE-017,2026-03,15.71,6.96,67.9,0.0512,0.1202,61.2
ORG-LARGE-017,2026-04,15.42,8.21,71.8,0.0551,0.123,64.8
ORG-LARGE-017,2026-05,15.17,11.78,75.0,0.0496,0.1178,60.5
ORG-LARGE-017,2026-06,17.4,8.07,78.5,0.0714,0.1304,57.9
ORG-LARGE-002,2025-07,18.5,9.51,80.9,0.0532,0.1192,61.9
ORG-LARGE-002,2025-08,14.38,8.17,72.5,0.0491,0.1239,60.7
ORG-LARGE-002,2025-09,17.97,8.95,62.3,0.0445,0.1186,65.7
ORG-LARGE-002,2025-10,16.69,7.54,70.4,0.058,0.1278,62.8
ORG-LARGE-002,2025-11,13.83,10.21,69.4,0.051,0.1154,62.6
ORG-LARGE-002,2025-12,16.23,8.39,76.2,0.062,0.1439,51.7
ORG-LARGE-002,2026-01,16.01,7.32,73.5,0.0507,0.1164,66.1
ORG-LARGE-002,2026-02,15.87,9.44,64.3,0.0495,0.1214,65.8
ORG-LARGE-002,2026-03,15.53,8.58,80.3,0.0593,0.12,67.0
ORG-LARGE-002,2026-04,15.52,8.11,75.1,0.0562,0.1552,55.8
ORG-LARGE-002,2026-05,15.99,9.09,78.1,0.0487,0.1198,63.7
ORG-LARGE-002,2026-06,15.2,9.74,84.0,0.0595,0.1462,58.5
ORG-MIDSIZE-012,2025-07,15.69,7.17,74.1,0.0505,0.1136,63.4
ORG-MIDSIZE-012,2025-08,16.47,10.52,72.3,0.056,0.1261,60.2
ORG-MIDSIZE-012,2025-09,15.25,8.47,74.2,0.052,0.1165,59.3
ORG-MIDSIZE-012,2025-10,15.15,10.14,68.1,0.0495,0.1258,58.8
ORG-MIDSIZE-012,2025-11,16.21,10.13,77.3,0.0595,0.1323,60.0
ORG-MIDSIZE-012,2025-12,15.47,8.55,76.0,0.06,0.131,67.7
ORG-MIDSIZE-012,2026-01,15.98,9.05,73.9,0.0558,0.124,66.9
ORG-MIDSIZE-012,2026-02,12.8,8.49,70.9,0.0525,0.1176,63.3
ORG-MIDSIZE-012,2026-03,13.58,7.39,69.9,0.0514,0.1256,66.0
ORG-MIDSIZE-012,2026-04,16.63,8.77,75.0,0.0492,0.1354,60.4
ORG-MIDSIZE-012,2026-05,15.88,8.12,82.0,0.0454,0.1267,67.5
ORG-MIDSIZE-012,2026-06,17.83,7.44,80.8,0.0542,0.1268,61.0
ORG-LARGE-004,2025-07,14.35,10.43,68.7,0.0512,0.1175,57.4
ORG-LARGE-004,2025-08,14.44,7.35,72.4,0.0498,0.1173,58.0
ORG-LARGE-004,2025-09,14.44,9.68,65.1,0.0593,0.1267,65.0
ORG-LARGE-004,2025-10,14.67,6.41,70.1,0.0476,0.1217,61.7
ORG-LARGE-004,2025-11,15.21,8.8,74.7,0.0536,0.1251,63.2
ORG-LARGE-004,2025-12,14.94,11.58,81.5,0.0643,0.1209,65.3
ORG-LARGE-004,2026-01,13.5,7.58,73.5,0.0486,0.1267,61.6
ORG-LARGE-004,2026-02,12.94,8.96,63.1,0.0549,0.1215,62.8
ORG-LARGE-004,2026-03,15.5,9.25,66.5,0.0577,0.1096,67.4
ORG-LARGE-004,2026-04,15.36,9.1,78.5,0.0538,0.116,64.1
ORG-LARGE-004,2026-05,18.43,9.37,72.1,0.0571,0.1169,65.0
ORG-LARGE-004,2026-06,16.11,9.66,79.7,0.0598,0.1383,62.4
ORG-MNC-018,2025-07,15.35,8.46,83.0,0.0553,0.1208,66.6
ORG-MNC-018,2025-08,16.14,10.69,74.3,0.0605,0.1265,53.4
ORG-MNC-018,2025-09,16.0,9.9,74.7,0.0425,0.1246,67.7
ORG-MNC-018,2025-10,14.96,7.56,67.6,0.0718,0.1165,66.9
ORG-MNC-018,2025-11,14.11,9.94,83.4,0.0545,0.1288,57.6
ORG-MNC-018,2025-12,15.51,9.11,74.5,0.0562,0.1197,67.3
ORG-MNC-018,2026-01,16.86,9.19,74.4,0.051,0.1217,66.5
ORG-MNC-018,2026-02,13.86,7.41,66.1,0.0466,0.1111,61.0
ORG-MNC-018,2026-03,16.2,8.98,76.6,0.0645,0.1293,58.3
ORG-MNC-018,2026-04,14.54,8.4,74.2,0.0578,0.1244,62.0
ORG-MNC-018,2026-05,15.28,9.85,78.1,0.0525,0.1414,61.9
ORG-MNC-018,2026-06,14.09,8.75,78.7,0.0609,0.1172,65.6
ORG-MNC-008,2025-07,16.75,8.56,76.0,0.0566,0.1061,54.7
ORG-MNC-008,2025-08,16.14,8.63,74.6,0.0455,0.1254,60.9
ORG-MNC-008,2025-09,16.87,7.68,74.3,0.0463,0.125,61.9
ORG-MNC-008,2025-10,12.9,9.7,74.2,0.0452,0.1148,65.2
ORG-MNC-008,2025-11,15.67,11.09,90.9,0.0586,0.1027,58.2
ORG-MNC-008,2025-12,16.72,7.53,73.1,0.0561,0.1318,66.6
ORG-MNC-008,2026-01,14.19,9.06,80.0,0.0628,0.1121,57.6
ORG-MNC-008,2026-02,14.16,7.53,78.9,0.0633,0.1267,56.0
ORG-MNC-008,2026-03,13.97,10.07,67.7,0.059,0.1302,60.9
ORG-MNC-008,2026-04,16.12,8.5,72.3,0.0516,0.1198,60.9
ORG-MNC-008,2026-05,14.49,7.89,74.1,0.0484,0.1218,63.5
ORG-MNC-008,2026-06,16.04,8.97,71.7,0.0563,0.1266,61.2
ORG-STARTUP-012,2025-07,13.08,8.01,74.1,0.0468,0.1106,66.4
ORG-STARTUP-012,2025-08,11.93,10.34,70.6,0.0522,0.1142,64.4
ORG-STARTUP-012,2025-09,16.0,9.21,79.2,0.0525,0.1195,62.1
ORG-STARTUP-012,2025-10,14.09,9.55,79.2,0.0565,0.1247,63.1
ORG-STARTUP-012,2025-11,15.28,9.11,79.2,0.0578,0.1279,56.2
ORG-STARTUP-012,2025-12,13.15,8.93,75.7,0.0539,0.1324,65.9
ORG-STARTUP-012,2026-01,16.17,10.55,75.4,0.0586,0.1137,62.1
ORG-STARTUP-012,2026-02,14.5,8.67,76.9,0.0542,0.1221,61.6
ORG-STARTUP-012,2026-03,14.75,10.27,69.0,0.0636,0.1318,64.5
ORG-STARTUP-012,2026-04,14.1,7.75,82.1,0.0564,0.1402,64.6
ORG-STARTUP-012,2026-05,17.04,10.01,69.7,0.0662,0.1157,62.9
ORG-STARTUP-012,2026-06,17.01,10.42,69.9,0.0677,0.1279,54.6
ORG-STARTUP-011,2025-07,14.73,8.14,80.9,0.0552,0.1195,62.9
ORG-STARTUP-011,2025-08,14.9,7.97,66.9,0.0595,0.1214,70.0
ORG-STARTUP-011,2025-09,14.03,9.6,72.5,0.0497,0.1141,55.1
ORG-STARTUP-011,2025-10,14.58,7.76,73.1,0.057,0.1267,61.6
ORG-STARTUP-011,2025-11,16.32,7.42,61.4,0.0588,0.116,65.2
ORG-STARTUP-011,2025-12,18.14,9.95,71.0,0.0575,0.117,64.7
ORG-STARTUP-011,2026-01,15.47,8.17,74.0,0.0515,0.1195,59.7
ORG-STARTUP-011,2026-02,14.67,9.0,79.1,0.0546,0.1301,69.5
ORG-STARTUP-011,2026-03,15.34,7.9,63.9,0.0577,0.1096,64.8
ORG-STARTUP-011,2026-04,15.77,9.65,73.3,0.0569,0.129,63.9
ORG-STARTUP-011,2026-05,16.25,9.6,74.9,0.0598,0.1173,67.3
ORG-STARTUP-011,2026-06,14.73,8.86,73.4,0.0549,0.1167,60.5
ORG-MIDSIZE-004,2025-07,15.48,9.91,70.9,0.062,0.1203,59.7
ORG-MIDSIZE-004,2025-08,14.78,8.07,73.2,0.0527,0.0979,59.4
ORG-MIDSIZE-004,2025-09,17.18,7.85,71.1,0.0578,0.1072,63.5
ORG-MIDSIZE-004,2025-10,17.25,7.86,72.0,0.0586,0.1271,63.8
ORG-MIDSIZE-004,2025-11,14.2,7.88,74.6,0.063,0.1148,61.1
ORG-MIDSIZE-004,2025-12,17.2,10.1,73.7,0.0604,0.1099,64.3
ORG-MIDSIZE-004,2026-01,16.83,7.79,72.5,0.0541,0.1185,65.7
ORG-MIDSIZE-004,2026-02,14.3,7.54,74.2,0.0495,0.1266,58.9
ORG-MIDSIZE-004,2026-03,16.34,8.81,67.0,0.0601,0.1199,63.4
ORG-MIDSIZE-004,2026-04,15.32,8.05,70.1,0.0582,0.1219,58.2
ORG-MIDSIZE-004,2026-05,14.77,10.45,73.3,0.0604,0.1208,59.3
ORG-MIDSIZE-004,2026-06,16.88,8.79,82.5,0.0583,0.1177,64.5
ORG-LARGE-022,2025-07,16.09,11.17,71.6,0.0582,0.1023,74.6
ORG-LARGE-022,2025-08,16.29,7.93,73.5,0.0488,0.1216,64.8
ORG-LARGE-022,2025-09,14.58,5.85,80.2,0.0584,0.1101,62.3
ORG-LARGE-022,2025-10,15.61,9.43,68.1,0.0635,0.1189,63.3
ORG-LARGE-022,2025-11,16.33,8.59,70.2,0.0617,0.131,61.3
ORG-LARGE-022,2025-12,12.66,6.9,69.8,0.0479,0.1243,68.2
ORG-LARGE-022,2026-01,14.14,8.97,71.0,0.0469,0.1118,67.5
ORG-LARGE-022,2026-02,15.26,8.04,64.8,0.0607,0.1101,67.2
ORG-LARGE-022,2026-03,16.78,9.23,79.3,0.0614,0.1192,67.1
ORG-LARGE-022,2026-04,14.11,7.23,72.5,0.0572,0.1165,66.2
ORG-LARGE-022,2026-05,13.83,10.73,70.7,0.0665,0.1411,71.0
ORG-LARGE-022,2026-06,16.15,8.98,77.5,0.0593,0.1255,67.5
ORG-STARTUP-024,2025-07,14.12,7.9,75.1,0.0482,0.124,63.2
ORG-STARTUP-024,2025-08,15.5,9.28,74.1,0.0553,0.1186,60.0
ORG-STARTUP-024,2025-09,16.48,8.2,73.8,0.0504,0.1172,65.1
ORG-STARTUP-024,2025-10,16.69,7.86,64.0,0.0569,0.1217,55.1
ORG-STARTUP-024,2025-11,15.25,7.65,60.4,0.0538,0.1227,60.0
ORG-STARTUP-024,2025-12,17.92,8.64,68.6,0.0521,0.1202,62.1
ORG-STARTUP-024,2026-01,16.0,7.67,68.9,0.0576,0.1158,64.5
ORG-STARTUP-024,2026-02,16.74,8.52,67.3,0.0554,0.1128,62.2
ORG-STARTUP-024,2026-03,15.06,9.37,64.1,0.0546,0.1244,65.6
ORG-STARTUP-024,2026-04,14.5,9.86,77.9,0.0618,0.1229,64.3
ORG-STARTUP-024,2026-05,16.42,8.97,79.8,0.0662,0.1261,66.0
ORG-STARTUP-024,2026-06,14.49,9.05,76.2,0.0552,0.142,73.6
ORG-MIDSIZE-023,2025-07,14.53,8.99,68.8,0.0575,0.1136,66.4
ORG-MIDSIZE-023,2025-08,14.67,8.82,65.9,0.0612,0.128,67.9
ORG-MIDSIZE-023,2025-09,15.38,8.37,75.3,0.0479,0.1255,57.0
ORG-MIDSIZE-023,2025-10,15.39,7.42,72.7,0.0602,0.1202,61.9
ORG-MIDSIZE-023,2025-11,14.44,8.13,78.2,0.0472,0.1299,64.4
ORG-MIDSIZE-023,2025-12,15.01,8.88,72.8,0.0634,0.1276,63.5
ORG-MIDSIZE-023,2026-01,16.04,8.2,85.1,0.0505,0.1241,70.0
ORG-MIDSIZE-023,2026-02,15.4,8.07,64.7,0.0422,0.1206,61.6
ORG-MIDSIZE-023,2026-03,13.96,7.3,75.3,0.066,0.1331,66.5
ORG-MIDSIZE-023,2026-04,17.18,9.12,78.2,0.0465,0.1446,60.6
ORG-MIDSIZE-023,2026-05,15.49,8.82,79.2,0.0547,0.1373,65.1
ORG-MIDSIZE-023,2026-06,16.01,9.22,79.2,0.0542,0.1156,60.7
ORG-MNC-014,2025-07,15.32,8.14,76.6,0.0558,0.1287,59.6
ORG-MNC-014,2025-08,15.05,9.21,66.4,0.0657,0.1237,59.5
ORG-MNC-014,2025-09,14.02,8.43,76.6,0.0597,0.1298,55.0
ORG-MNC-014,2025-10,15.1,8.85,81.9,0.058,0.1252,64.8
ORG-MNC-014,2025-11,15.49,9.22,69.6,0.0465,0.1263,61.3
ORG-MNC-014,2025-12,16.55,8.26,74.8,0.0629,0.1403,58.2
ORG-MNC-014,2026-01,13.88,10.15,70.2,0.0602,0.1329,57.1
ORG-MNC-014,2026-02,15.35,8.17,74.3,0.0603,0.1215,62.6
ORG-MNC-014,2026-03,14.15,10.52,68.6,0.0538,0.1346,60.4
ORG-MNC-014,2026-04,16.54,8.9,81.7,0.0575,0.1121,63.6
ORG-MNC-014,2026-05,14.24,8.41,72.7,0.0483,0.1209,60.9
ORG-MNC-014,2026-06,17.5,9.77,84.1,0.0459,0.121,67.7
ORG-MIDSIZE-006,2025-07,16.73,7.52,77.0,0.0481,0.144,66.7
ORG-MIDSIZE-006,2025-08,16.56,8.81,75.1,0.0552,0.1229,57.6
ORG-MIDSIZE-006,2025-09,14.81,9.75,78.2,0.059,0.1319,63.7
ORG-MIDSIZE-006,2025-10,16.57,9.24,71.8,0.059,0.1278,66.2
ORG-MIDSIZE-006,2025-11,14.33,7.61,65.8,0.0549,0.1358,59.0
ORG-MIDSIZE-006,2025-12,14.64,9.98,79.1,0.0525,0.1238,63.8
ORG-MIDSIZE-006,2026-01,16.26,8.3,74.5,0.0513,0.1306,63.1
ORG-MIDSIZE-006,2026-02,16.53,8.3,67.9,0.0625,0.1154,67.7
ORG-MIDSIZE-006,2026-03,17.46,9.76,79.9,0.0513,0.1209,66.3
ORG-MIDSIZE-006,2026-04,15.26,9.43,75.0,0.0476,0.1324,60.0
ORG-MIDSIZE-006,2026-05,15.74,9.19,75.0,0.0617,0.1182,62.8
ORG-MIDSIZE-006,2026-06,16.59,9.01,70.5,0.0571,0.1147,61.5
ORG-STARTUP-001,2025-07,14.25,9.16,76.1,0.0531,0.1307,65.1
ORG-STARTUP-001,2025-08,16.25,8.2,74.2,0.0463,0.111,63.4
ORG-STARTUP-001,2025-09,13.91,7.66,79.1,0.0579,0.1304,62.1
ORG-STARTUP-001,2025-10,15.85,9.35,75.7,0.0576,0.1142,66.1
ORG-STARTUP-001,2025-11,13.3,7.61,72.9,0.0621,0.114,63.9
ORG-STARTUP-001,2025-12,15.16,9.37,73.2,0.0536,0.1229,61.7
ORG-STARTUP-001,2026-01,16.04,7.59,76.3,0.0522,0.1174,72.4
ORG-STARTUP-001,2026-02,14.84,7.18,81.9,0.0389,0.1239,68.6
ORG-STARTUP-001,2026-03,14.1,8.97,73.8,0.0567,0.1057,67.1
ORG-STARTUP-001,2026-04,15.75,11.39,71.4,0.0597,0.1147,65.0
ORG-STARTUP-001,2026-05,16.81,8.16,76.3,0.0553,0.1264,58.6
ORG-STARTUP-001,2026-06,15.77,7.42,63.5,0.0703,0.1226,68.6
ORG-MIDSIZE-021,2025-07,14.3,7.83,74.2,0.0536,0.1191,55.9
ORG-MIDSIZE-021,2025-08,15.9,8.44,74.2,0.0451,0.1256,68.0
ORG-MIDSIZE-021,2025-09,14.68,8.58,64.4,0.0501,0.1216,64.9
ORG-MIDSIZE-021,2025-10,16.13,8.28,80.4,0.0447,0.1034,70.0
ORG-MIDSIZE-021,2025-11,16.03,8.29,70.7,0.0606,0.1154,59.6
ORG-MIDSIZE-021,2025-12,16.23,9.66,81.4,0.0534,0.1161,65.7
ORG-MIDSIZE-021,2026-01,13.2,7.88,68.9,0.0363,0.1145,64.1
ORG-MIDSIZE-021,2026-02,15.71,8.98,70.1,0.0513,0.1378,61.6
ORG-MIDSIZE-021,2026-03,15.89,10.21,79.3,0.0601,0.1273,60.4
ORG-MIDSIZE-021,2026-04,13.82,8.87,75.3,0.0542,0.1153,69.1
ORG-MIDSIZE-021,2026-05,16.97,9.42,79.4,0.0687,0.1272,64.7
ORG-MIDSIZE-021,2026-06,16.49,9.08,69.6,0.0546,0.1151,64.9
